Tittle,Company Name,Salary,Link
Software Engineer,Arithmiks,"Rs 130,000 - Rs 180,000 a month",https://pk.indeed.com/rc/clk?jk=8041872953e16e2b&bb=GgpGR_N4qGGXDdxjXmABSVNTJ7kak_jyK_q7ZTtudNIVtP0Zy0QBoD86BvdoJqM2PnqbM6rqSaa7DXpyCSyiVau0IqYUno8xeLCjoLob9aYf4Hlead-fSlzgOae4kMrPjvwqznn4m0Btdbw2vsDQMQ%3D%3D&xkcb=SoBf67M3sTO7hFz74x0LbzkdCdPP&fccid=6eb95e9a7408b338&cmp=Arithmiks&ti=Software+Engineer&vjs=3
Full-Stack Software Engineer,"Burq, Inc.",Full-time,https://pk.indeed.com/rc/clk?jk=75831d2dc63ef5de&bb=GgpGR_N4qGGXDdxjXmABSSowgHC2fQL8-IwIiY3FM2gjbyzL3OKSKzwyNIyEZ-YERI5gok46ZhIrJ5Ne9bRur5qRASvVWuWBudtdqypVDihHPIaGk2gyuK4bIxJCgC32kkZEEapKE-DNzpxiv5j1kA%3D%3D&xkcb=SoDr67M3sTO7hFz74x0KbzkdCdPP&fccid=1ee576a07a681d80&vjs=3
Associate Software Engineer,CareAxiom,Full-time,https://pk.indeed.com/rc/clk?jk=cc8e6af927b830c5&bb=GgpGR_N4qGGXDdxjXmABSVCjBh_i3ol_wvnbbyBeDsjiPphVB6-iYElLsEMKbQsikMnhJEefV6lczuppt3WJEloytxeEZ0Fl3qdb4UBAXLGIBeD3L4nTb9g9OClyvmWAx66j0GG4pBj3CtSBXOEVKw%3D%3D&xkcb=SoB267M3sTO7hFz74x0JbzkdCdPP&fccid=ee2dcd17adad4820&vjs=3
Junior Software Engineer,QBXNet,"Rs 300,000 - Rs 400,000 a month",https://pk.indeed.com/rc/clk?jk=cd65ecec689ce798&bb=GgpGR_N4qGGXDdxjXmABSVfVxfCUJusVt3pmKxNyecMDfPMGBmUP9gcvOSba_n26F3ot0-MgOXj50CwYc2iRzkBHJdW_LwO_ve2SWSMI57TujFsVeJbkIjptx2JL3Y2_SU2WjWMl0I6XAiyM6sEOeQ%3D%3D&xkcb=SoDC67M3sTO7hFz74x0IbzkdCdPP&fccid=e0b7d5563f7135d2&vjs=3
Software Engineer (JavaScript),Code Graphers,Hiring multiple candidates,https://pk.indeed.com/rc/clk?jk=af78e96a5f2a26f7&bb=GgpGR_N4qGGXDdxjXmABScuzFdscJmjaMrNWwXhRp_RDObdAHdZ3Qp86P7cApQ5itdZjDp3OJikuNbaRyzUNmgnyqEgDXFTeTZuK4JPfNFIcU1fZz3zMF-sKJCWRgdpeJKT8G7kn58FQusB_VFkFFg%3D%3D&xkcb=SoBM67M3sTO7hFz74x0PbzkdCdPP&fccid=9b1b3ed93edda4b7&cmp=Code-Graphers&ti=Software+Engineer&vjs=3
Associate Software Engineer,Dubizzle Labs,"Rs 70,000 - Rs 90,000 a month",https://pk.indeed.com/rc/clk?jk=5596b81ef7edec58&bb=GgpGR_N4qGGXDdxjXmABSVeqBFo5kkBNa9fahuPNx-fg2oreGltlONJyFpdv_rreRQ1CS_ZbT4ePyvwwfCQxIWihdZcZFc4-SVhAZ6DDf10iSyPFeLQHbto9zZQTTPQWzi0Zo9OKfiTafF9etwr60A%3D%3D&xkcb=SoD467M3sTO7hFz74x0ObzkdCdPP&fccid=eadbc0847d45da27&vjs=3
Full Stack Software Engineer (MERN),Septem Systems,Full-time,https://pk.indeed.com/rc/clk?jk=3767275dab0ea46d&bb=GgpGR_N4qGGXDdxjXmABSUbA0MjuTqfxSelH-ydM7ei6nPH5B2-lHEkWq7Z7qCz0KL7f4pIhumeAI-FWAd3OCfdCPn-Ophs8Yhw5VD7FuxK4OV7fr0IcjPyiFjrlmIASroEnUPlXs_TvAnkzveAzbg%3D%3D&xkcb=SoBl67M3sTO7hFz74x0NbzkdCdPP&fccid=bdab220e10f08524&vjs=3
Software Engineer,QBXNet,"Rs 70,000 - Rs 105,000 a month",https://pk.indeed.com/rc/clk?jk=d329674447f714a8&bb=GgpGR_N4qGGXDdxjXmABSYrCWeSrzIt6kICo1okh-925d_LNWRIZpt4gM6KbcrWpbuMqjZvSPIkzetCZmbwI5jOkJj66CQmFhHH8UJPxDgWYwsV3IfndxDC8o0Sd8OIsXdPjcRvOBm-kVIkOVzxVQA%3D%3D&xkcb=SoDR67M3sTO7hFz74x0MbzkdCdPP&fccid=e0b7d5563f7135d2&vjs=3
Software Engineer,Caramel Tech Studios,"Rs 60,000 - Rs 150,000 a month",https://pk.indeed.com/rc/clk?jk=f294e075fcde477d&bb=GgpGR_N4qGGXDdxjXmABSZD9G27srto5LajnAo_WQXTGK9fR7TI_vMHXOJy6iztOBJs1XEBwxU3gyo2iVk_q3aFXGdcHvoRfI8k0NHK1nepf5neFDUdX4fvuI06lgI1IWSKUiaZwQoctCePsR4fVfQ%3D%3D&xkcb=SoA467M3sTO7hFz74x0DbzkdCdPP&fccid=85983499f75d376c&vjs=3
Senior Software Engineer ( Team Lead ),Focusteck,Full-time,https://pk.indeed.com/rc/clk?jk=0f6e1149db12e5ea&bb=GgpGR_N4qGGXDdxjXmABSQiKGJapR8LEj91Y5d2TVyukzey522gzaz3uR4FMN4-7bekaHNIrrlwmGSRAMy67crlEiz5lz8vC6KlJJaQHC-sVuh6whJbyuk-_otUt5fvD-9ekyz3RvKt9RfXNwZ2Yjg%3D%3D&xkcb=SoCM67M3sTO7hFz74x0CbzkdCdPP&fccid=b690eba6ea986641&cmp=Shahenshah-insurance-Broking-%28SIB%29&ti=Software+Engineering+Team+Leader&vjs=3
"Fresh Graduates( BSCS, Software Engineer, ADP Computer Science)",King Revolution Inc,Part-time,https://pk.indeed.com/rc/clk?jk=6525219f8cbdefd0&bb=GgpGR_N4qGGXDdxjXmABSTw6mvSuaa8pN5ftyVtbY6jnsmK7N_d6891L2ElBCbPaaiYkdvUJ3xi9zG3Lq7yfuQV1UiuKNsnNaBMOcdFJ3vWOJCIwpO1nHhe7du6ABCX9on-tui1yfSppL6PbAAJ5MQ%3D%3D&xkcb=SoAR67M3sTO7hFz74x0BbzkdCdPP&fccid=44168a67a91dd495&cmp=King-Revolution-Inc&ti=New+Graduate&vjs=3
Project Engineer,Urban Solar Pvt Ltd.,Salary is not given,https://pk.indeed.com/pagead/clk?mo=r&ad=-6NYlbfkN0AbceQFu0XlZo-yNHTUZhOsmBlCNe6gb1pQ4AB9R5C8e2loUUXsK7KW_lZxSnRJ9B7b1GCl7IPZvvIRKpkRpLZi1sMLUdPxNXsVA3d8NetvNEZ1wqOgplfpyqQYHTBO5nzCYpW8xow7OGkeIbJwYR4kOYry4xQ_ll63f2bJUi45wzF5IKX7frzsY5bIDH1oo5P6OeUKfgqkpaTqizb6FULurERV1mXZM1nu5HG9Unurk3LFii5NttEInrKWkDOI7yRqFMTfa_K38A3Loyc7Re71yvXSuXL3dtkBMjRspzRbhhU-rwZ_Ci7nxlq5tBrAgS7hrz-RnJkeAlbj6PCb5Orfkl2R0exTpKBrlZh5U5_0q7p4gXj-1S1Kkuf2PF6A4cLT1P-MyP8wvZjii8gNlYwTKyu-WH5S6YxBJ5D_SrkUGuC0A3n4nxtj6rFyVa4YJXe4mRdTHd3ddkMmQP22zAmRiS61GAWepdbWtlBnGi_88r2UOMKEWOu-gtq-TRPOtAayPVNRBRVG_hCICgdlIknwJJwCgMeaCY-nU4IYEnfIkWdwbW3USF7xuc0jUK4zSeGlwJEO8PRsyF9eULF9HCTY_4VDkhn7odCYAh6M1_qrOEW2AiqTH1VmoQuCRnSVCdn5c-Gs4canrfbOJu1lOpG6xm47w0c6nUw=&xkcb=SoBR6_M3sTO7hFz74x0AbzkdCdPP&camk=4HOcmqOLYrAvgWUquX0GJQ==&p=11&fvj=0&vjs=3
IT Systems Engineer,SPEC Refinery (PVT) LTD,Salary is not given,https://pk.indeed.com/rc/clk?jk=004218ede23f8ab1&bb=GgpGR_N4qGGXDdxjXmABSai7BbWcggP-081cAWkwBY8eUJzEzentftHzQxM_isG03Bof12r-LDKx3B5DCB_BmkXFhGdemVKGydgM0QYjsrvMZo7JLRdbjFBFqpof8TdWu97G6INdurpUv3nTXkwR_g%3D%3D&xkcb=SoAr67M3sTO7hFz74x0HbzkdCdPP&fccid=8ee198aa3fc57fc3&cmp=SPEC-Refinery-%28PVT%29-LTD&ti=IT+Systems+Engineer&vjs=3
Software Quality Assurance Engineer,Arrivy Inc.,Salary is not given,https://pk.indeed.com/rc/clk?jk=5dfefac26d7acd4a&bb=GgpGR_N4qGGXDdxjXmABSb8Vj7gUUhl-CHDZmJQrsX2sk6QNVitomOGbaU1mH6_4SAfF-NZDBYraYih03RoookaQAfFUUjX8MYJTVgqGFehr_UPu3On5fSEFhLrvJoOZ0TLk8nIGHqNB1iivrjdZqw%3D%3D&xkcb=SoCf67M3sTO7hFz74x0GbzkdCdPP&fccid=309c0988977fd9e2&cmp=Arrivy-Inc.&ti=Software+Quality+Assurance+Engineer&vjs=3
Internship - Software Engineering,"Howmuch, Foodnerd",Salary is not given,https://pk.indeed.com/rc/clk?jk=4cdc25ba0787ca48&bb=GgpGR_N4qGGXDdxjXmABSU1FHJur1HkzDANcvHNy2UcyhPM5jf9XsMpkIgd30TzUtZrf3qSf0zlK93OUHVxrdyGG8UGiW17fnOuH5I1Ghl6MOytF8EEjVf0i64IYA12PhW3s556v0VyMWgKCO5jcwQ%3D%3D&xkcb=SoAC67M3sTO7hFz74x0FbzkdCdPP&fccid=dd616958bd9ddc12&vjs=3
Associate Software Engineer,Careaxiom,"Rs 115,000 - Rs 130,000 a month",https://pk.indeed.com/rc/clk?jk=4a7dc3f1cffedc44&bb=7H4kN6PX_6OVpexkYX4-idFTiWUz8s6g5tk8zCevFhSi2wXuO2ULjXBFdwCLYOfea0SV1q9OnaPXA_zUYIeOfYcyWHKpY6c3L5Iy1-_0k6TVzCoLAnaasySy2TPpvAuC70x3iBJGaJfTHHxS3ohqGA%3D%3D&xkcb=SoCg67M3sTO3hjTBHp0LbzkdCdPP&fccid=ee2dcd17adad4820&vjs=3
Internship - Software Test Engineer,"Howmuch, Foodnerd",Full-time,https://pk.indeed.com/rc/clk?jk=ea0e9f9622299e33&bb=7H4kN6PX_6OVpexkYX4-iRhi--n7DpBpiVBkgS4gtU7udAbTPxO5gaaaedIIHZS7O28wRj_UyjJyUE7iga7O2Ezr64lmgsRGNaZo6cjyY1LdxYKBQKpO4BDq7QmFW3Xqw32LBenxv_URXkQccfY4jg%3D%3D&xkcb=SoAU67M3sTO3hjTBHp0KbzkdCdPP&fccid=dd616958bd9ddc12&vjs=3
Software Engineer (AI/ML),Mindstorm Studios,"From Rs 60,000 a month",https://pk.indeed.com/rc/clk?jk=1305346425a05c9d&bb=7H4kN6PX_6OVpexkYX4-ibSLknfW9btnSt47BaWWxoDAQQBk1RaYxVR98Bmq1Pi8WKrjea5Wi-ju9PCuFBocnJcpzWVQUbeQv_O8xms7s1AiFoEpvFnylvrkbGbfKBcigmEjJAl5ho2r7qy0mx8G5w%3D%3D&xkcb=SoCJ67M3sTO3hjTBHp0JbzkdCdPP&fccid=1dd23e81e7dea194&vjs=3
QA Engineer – Website Testing (Male Applicants Only),Intellectual Works Software House,Full-time,https://pk.indeed.com/rc/clk?jk=c2041f20d8a66e95&bb=7H4kN6PX_6OVpexkYX4-iTpMxPT-adzt9l4Xl5d-1hwRDW0GmiMhB6M6eFnamCJj21ZmIca8LYU5IPXrpa231UazvXwaiNBOKy4ou-e2Iagt11lynaAZL21I5xNe5-JUeeDJy4cjSwdztS7g_mTb4w%3D%3D&xkcb=SoA967M3sTO3hjTBHp0IbzkdCdPP&fccid=08a4ae9031cef50b&cmp=Intellectual-Works&ti=Quality+Assurance+Engineer&vjs=3
Junior Python Engineer,Analytiverse,Full-time,https://pk.indeed.com/rc/clk?jk=47a7aa19b71bad5b&bb=7H4kN6PX_6OVpexkYX4-iRRJA-ewkeTy7pX1L-8A_zXHIPVEc5xguhFRPPBpgNFLLMEBVNiqXb-UqOMWUKyEBJOKeUMrYtFWVQ_b8leJeJRkBKmHu7tkb_CD_5HeOxH-jYL2RMP9NxqeIRpHjdAVAA%3D%3D&xkcb=SoCz67M3sTO3hjTBHp0PbzkdCdPP&fccid=205dc971dc52caf1&cmp=Analytiverse&ti=Junior+Python+Developer&vjs=3
Software Engineer (Mid Level),Carbonteq,"Rs 50,000 - Rs 70,000 a month",https://pk.indeed.com/rc/clk?jk=08036dc31b17a51f&bb=7H4kN6PX_6OVpexkYX4-ibSLknfW9btn9wdSr9hSnWDjTZc35IUkdhk6mBbQCFIsFnxyznxglFEPgOghje3D8x21to66o5T5WeqihYy0kn2XuqMjw-izORqHEE8rZxxD5JtmCgCgMaaZbH--TEjuYw%3D%3D&xkcb=SoAH67M3sTO3hjTBHp0ObzkdCdPP&fccid=05041dcd443e374e&vjs=3
Graduate Electrical Controls Engineer - International Projects,SPEC Refinery (PVT) LTD,Full-time,https://pk.indeed.com/rc/clk?jk=dd500993d1009438&bb=7H4kN6PX_6OVpexkYX4-iWE47yCgmDKzkE_zcmHljZoUzuZXrhpCBz7wS0WbZvSIpQz9Qeh5cXJn-LCduNxFEJKc2NaBqYxSw4bD7TIRUnKmMsuGuWzzbFbGykq_nb7TNBu4e1yiSUcF6-LpFUgyuQ%3D%3D&xkcb=SoCa67M3sTO3hjTBHp0NbzkdCdPP&fccid=8ee198aa3fc57fc3&cmp=SPEC-Refinery-%28PVT%29-LTD&ti=Electrical+Engineer&vjs=3
Software Quality Assurance Engineer,Careaxiom,Full-time,https://pk.indeed.com/rc/clk?jk=ca1df5ec47b4167e&bb=7H4kN6PX_6OVpexkYX4-idXpUUpyXywsfhMkLv5gdc865tE1a-SiOgZ3bFOq4UJO6mvv9Z4Z9kOBDm92MD6-wqqHixqoSM4jhrJMD2pC8LU5FInqrvrAxtenKj_vSqYvZIGef64oB4K_NQQN6WZwwg%3D%3D&xkcb=SoAu67M3sTO3hjTBHp0MbzkdCdPP&fccid=ee2dcd17adad4820&vjs=3
Software Engineer - React JS,Dubizzle Labs,"Rs 100,000 - Rs 130,000 a month",https://pk.indeed.com/rc/clk?jk=191178314cbae3fc&bb=7H4kN6PX_6OVpexkYX4-ieeD0wTT54H75Eh86rU0ndyEvtIMhjuYEiy6NaIg_AKto4Uq3X9xFabmiFDxnvKMueeRZUxALLTuzRfP3rSDfxus-bAHOSHQYVFfG53rF7A2Kr6ceIO9VRPQSgbNRnjklg%3D%3D&xkcb=SoDH67M3sTO3hjTBHp0DbzkdCdPP&fccid=eadbc0847d45da27&vjs=3
SQA Engineer,Source of Services,Full-time,https://pk.indeed.com/rc/clk?jk=f6cc4db724b73239&bb=7H4kN6PX_6OVpexkYX4-icZ9CoZOPu_0QfqcKl5EhgA7d2xal61HV24nDKh2akeqjQRNI-sYyktg42O1Y3vhyGj3-M13B4MK4VM8PgxbBBawXjordiozK69xefEsBx77ePATsbj3HqL-vcUmf09oyA%3D%3D&xkcb=SoBz67M3sTO3hjTBHp0CbzkdCdPP&fccid=e30f913ba8557e47&cmp=Source-of-Services&ti=Quality+Assurance+Engineer&vjs=3
Software Engineer – Node.js,Web Sketchers,Full-time,https://pk.indeed.com/rc/clk?jk=ae9b90f105181e57&bb=7H4kN6PX_6OVpexkYX4-iYr3EfbkpPxB5PJ82F8rxOhV-w1w9zGPU2UiLn0plGLfIjIZ9BoDWb6v6CL9F5dX_9JUku9K4oqGyjse9OW5WcFQ-gYnK4m4-S1b87lhwF6VVkNk0lNGrIcP_bqbzqjXJQ%3D%3D&xkcb=SoDu67M3sTO3hjTBHp0BbzkdCdPP&fccid=e5f97fa160d358b2&vjs=3
AI/LLM Trainee Engineer,Architecture in Motion Inc.,Salary is not given,https://pk.indeed.com/rc/clk?jk=6788eb63a1663b2c&bb=7H4kN6PX_6OVpexkYX4-icZ9CoZOPu_03Z1QZZmLrenAKOQkkM6nlp5fKgUGIVHPk55sejNoCf3FjT60PlFt3Hq_Oc2gwtoOrV-AgQuPLzllabsoiu4VgHhkvSkNpOixEk4bHHXSFFdGgfAAPlpf8g%3D%3D&xkcb=SoBa67M3sTO3hjTBHp0AbzkdCdPP&fccid=774c568c81449ee8&vjs=3
Software Engineer,Bilytica,Salary is not given,https://pk.indeed.com/rc/clk?jk=1bc4ad14883f773a&bb=7H4kN6PX_6OVpexkYX4-iXptdnYp10Xi7wfgkrJzfFfNw7RKiiVqWtjM7iaIokg7Qj8Kzn9ZUHa6rAAfHUk9CAEtVNpv8nHYATYfSv7aDf79TKxyYrDX9DHxggQTIPIngFAwQYuDS_ZSU-slEg1qsA%3D%3D&xkcb=SoDU67M3sTO3hjTBHp0HbzkdCdPP&fccid=1b1e4c94a8dcc4cd&vjs=3
Junior/Intern DevOps Engineer,Cube discipline,Salary is not given,https://pk.indeed.com/rc/clk?jk=064c7d4fc1b2a95f&bb=7H4kN6PX_6OVpexkYX4-iRRza0BGbWQ5VIRxPOWmcs3RglSbzwemcT6ehbGFJ4WIR0H_5d914-2dWhHpwZH5aJxhijq3kvHrPe3b4ZqWGRGMVdCLiZMmlBMgFiqWMfyWlCLVyxdbkF9UAByZmFmZYw%3D%3D&xkcb=SoBg67M3sTO3hjTBHp0GbzkdCdPP&fccid=a3070af0805ede84&cmp=Cube-Discipline&ti=Devops+Engineer&vjs=3
Software Test Engineer,PakWheels,Salary is not given,https://pk.indeed.com/rc/clk?jk=de6eba2cae769a98&bb=7H4kN6PX_6OVpexkYX4-ibmDMMyrpJCiSNYtFXNpz-pb80OMLU_9ryeNLzUGmdip6ez5DyTD-NYAr6C_v64GfgeHeKNlsx0H3xwz6BDwYlwO3cfGP79xSOSnEUVk3UPYznFUdxltYewxMdKqcqqW2w%3D%3D&xkcb=SoD967M3sTO3hjTBHp0FbzkdCdPP&fccid=04963aa30de3a50e&vjs=3
Full Stack Software Engineer,Beaconhouse National University,"Rs 40,000 - Rs 60,000 a month",https://pk.indeed.com/rc/clk?jk=8664ce75d009feeb&bb=__5piZHjS73Fw9o1E_gh9fQ0lX_YaNrHmCmaW4wrZBGW7S2hWwWmaS6S_Z9SJlh7FKjyv4QjmmRMH8uM8CsB-XeAG8r-WZBKjmZWOV2HdAdOBtOpPi6zMtb7r60xIODxIT-Dn-35GimdnLhWNGwbhw%3D%3D&xkcb=SoBt67M3sTOzltTBHp0LbzkdCdPP&fccid=b999cc6b29031e33&vjs=3
Senior Software Engineer,Caramel Tech Studios,Full-time,https://pk.indeed.com/rc/clk?jk=2789761d7d9d57ff&bb=__5piZHjS73Fw9o1E_gh9SswanAlFeyHELZydA57xEw2DcnsKRsdEdNq5XaxUDGtfgYsjr2neTB2QHk3zA1mYVNiLXVQA0yMbjM0katohUBqg1UWfumW433jWPybd_i14VEn2ehH8rJ27APgiYucVw%3D%3D&xkcb=SoDZ67M3sTOzltTBHp0KbzkdCdPP&fccid=85983499f75d376c&vjs=3
Software Engineer,CureMD Healthcare,"From Rs 10,000 a month",https://pk.indeed.com/rc/clk?jk=c2075a69502e6d7b&bb=__5piZHjS73Fw9o1E_gh9VT__0t0tvBJJEDALAZ_V8X6phpM1mcmuk63cgJHQTqHzwq_-nhFPHwEpchEY-KUADJlblnBFWVciMWmsZgI2ZQM4eT1pS4Hc0qOGp1P9VBXiLG2clI0oTk6pbSCGBYicg%3D%3D&xkcb=SoBE67M3sTOzltTBHp0JbzkdCdPP&fccid=31d158ce3cec7a12&vjs=3
Software Engineer (Experienced),Educative,"Rs 350,000 - Rs 400,000 a month",https://pk.indeed.com/rc/clk?jk=6e51ae69a73771f2&bb=__5piZHjS73Fw9o1E_gh9cO2POHDmW3lC29nS-M00NoPI24TF-JoOWLu5PYXfzqGIjPQOmh-Jq_9Epvg4VcY5aP3MBMllVH36dD_pDTy4zehiki7uQzjUvEHZO0KngSR1dA3ShCOTpPjz4Tc3AecFA%3D%3D&xkcb=SoDw67M3sTOzltTBHp0IbzkdCdPP&fccid=2e52b88ef5d953aa&vjs=3
Technical Support Engineer,SMSAMI Inc.,Full-time,https://pk.indeed.com/rc/clk?jk=9e96df00d19a1721&bb=__5piZHjS73Fw9o1E_gh9XgnLWmJ-Xt7UrjnK4qyyFSPRZxQMlRUrKos1EL6yjoIKv-N7ggF3kp_oEuWTeTOeGHGiPyW4Ceb4VTapHFc0uTtBwRz_zvjaIoDLm0OFYgrLXGaU24T9Bf7M8WpbiGfeg%3D%3D&xkcb=SoB-67M3sTOzltTBHp0PbzkdCdPP&fccid=96043add10f15551&cmp=SMSAMI-Inc.&ti=Technical+Support+Engineer&vjs=3
Software QA,Caramel Tech Studios,"Up to Rs 320,000 a month",https://pk.indeed.com/rc/clk?jk=df5556b5be1b2751&bb=__5piZHjS73Fw9o1E_gh9dsHgvPTd7X9zFEe7JshYwDTUisPdVOmnuk4z3K8qp8Sks9neabecMe3_PUVuSWec4kIThG7qQ_GIM1TrQHk6bptY-40Iy2sahoU6BXbzD7mwVEZlTpEGLESICkoTgDZRQ%3D%3D&xkcb=SoDK67M3sTOzltTBHp0ObzkdCdPP&fccid=85983499f75d376c&vjs=3
Python Developer Intern (Onsite),Skylight Codeworks,Full-time,https://pk.indeed.com/rc/clk?jk=2faa62f2491ebfef&bb=__5piZHjS73Fw9o1E_gh9XCVmrWWWfgMjo0mClbawukCc9kUJY8fBCV6Hc8ZOWEywf236j_Zi74oO_iWK8iTdwTKO-6tiztYlE7z8nqVtNEwiqclPrECA_GP0QC0WJadPpuqeFzDHrk9fIGNhkgXBw%3D%3D&xkcb=SoBX67M3sTOzltTBHp0NbzkdCdPP&fccid=0fa7eaa6c41da3e1&cmp=Skylight-Codeworks&ti=Python+Developer&vjs=3
Senior MEAN Stack Engineer,Rocktech Digital,Full-time,https://pk.indeed.com/rc/clk?jk=4fc3a48668938882&bb=__5piZHjS73Fw9o1E_gh9UHEL1abRqyuHwu7nHr5pPuTPwp_ijxpeS1459Cs5B7oy4iDox6Ri-uVON5MhCMtHtt7KYMwFLRqFIm0mL3Mzy-jeKwoPowYmHFiEN6_DGcuaj5h5noYHBL1v4GFbMXjHQ%3D%3D&xkcb=SoDj67M3sTOzltTBHp0MbzkdCdPP&fccid=e4e882102d546228&cmp=Rocktech-Digital&ti=Mean+Stack+Architect&vjs=3
Senior Software Engineer,i3RL,"Up to Rs 35,000 a month",https://pk.indeed.com/rc/clk?jk=105d2bedce8683cf&bb=__5piZHjS73Fw9o1E_gh9cs8KIHDTtuJSZE_153Y7uMsBizf1h3hAtQuZeuxxsiZDeu0EPqZGSvqZXNdfFxbt-QyHuTldC3Spks4TCW5zNov7awU6IsBQG4fgXGe0hPp12qh5HGXIEDYd1R8iaFhlQ%3D%3D&xkcb=SoAK67M3sTOzltTBHp0DbzkdCdPP&fccid=aa580f04eb62ccf5&vjs=3
Senior Full Stack Developer (Laravel + React.js),Teraception,Salary is not given,https://pk.indeed.com/rc/clk?jk=ace0a645a5799b87&bb=__5piZHjS73Fw9o1E_gh9dCZ1bCE67zG6pMOGAGqET3xnXqPmLDBNMpb7HLbUO9WAaUXEv8Ugw28aPvvAThS2vfbGAL50tGh_xRvN9sOi9Nwq4Xqx3d_--i-UV7ue7vU3m479nQvqglTU7f8w33_Uw%3D%3D&xkcb=SoC-67M3sTOzltTBHp0CbzkdCdPP&fccid=953209089b916905&cmp=Teraception&ti=Full+Stack+Developer&vjs=3
Senior Software Engineer - Laravel,Dubizzle Labs,Salary is not given,https://pk.indeed.com/rc/clk?jk=20f0fee7b4338e69&bb=__5piZHjS73Fw9o1E_gh9dETy4vQPkf0otp8uJFL77DI-MKsGvny0QWE3HKkLf7n2khi6iakfXPQaSEg1seei3oQRv704RoNhdw84qEqqRqYJJMZqcB4EHi3RbUQBi9UKcVjxIuB13TkuacGX_rsug%3D%3D&xkcb=SoAj67M3sTOzltTBHp0BbzkdCdPP&fccid=eadbc0847d45da27&vjs=3
Technical Support Engineer Internhsip,Recruitzz,Salary is not given,https://pk.indeed.com/rc/clk?jk=f76785bde9ad43b9&bb=__5piZHjS73Fw9o1E_gh9RVz9MOiQIlzXBEmBbN0jDYp2iPIEgO-nLls61BjZxV3LeyDLA-h2_8MoRBpFldl7YlPeBl1FM1DWL-I3QY0gmZ9HnxBFuHYKyJm0GG_pO6yzBjuTRzkOMJFi2RXy_oG0Q%3D%3D&xkcb=SoCX67M3sTOzltTBHp0AbzkdCdPP&fccid=6147d9ac3a9bae03&cmp=Recruitzz&ti=Technical+Support+Engineer&vjs=3
Jr. iOS Software Engineer,Careaxiom,Salary is not given,https://pk.indeed.com/rc/clk?jk=a4b08d0a0c8e06ac&bb=__5piZHjS73Fw9o1E_gh9SswanAlFeyHBwfY5t4cCFeycRj9il1R5rdshVoF_azIQ-Msjgj_gLC_N52ml0m0reVLTvfDFXsSDZUh4LeEb3xmU5j73dN1THFiuhlPiMolVd37viO_Jn1ydKigDSV4Ng%3D%3D&xkcb=SoAZ67M3sTOzltTBHp0HbzkdCdPP&fccid=ee2dcd17adad4820&vjs=3
Software Engineer,i3RL,Salary is not given,https://pk.indeed.com/rc/clk?jk=4dbd1d8eea773b69&bb=__5piZHjS73Fw9o1E_gh9Sac9ayBsjbZdJUDk8iaUZ6c1l82WhYzlTEwH7bOBbO0A8piJ5Yn1676YD4W-gE7HlcoeKTttL3453SUtr2-IOpZisFjstNY6thhcf16VcsX4n8GltdTTnwCdWZCno8r5w%3D%3D&xkcb=SoCt67M3sTOzltTBHp0GbzkdCdPP&fccid=aa580f04eb62ccf5&vjs=3
Internship Leading to Job – Application Engineer,Voltonic Solution Pvt. Ltd.,Salary is not given,https://pk.indeed.com/rc/clk?jk=f2925323048fa7bb&bb=__5piZHjS73Fw9o1E_gh9dFuM7t8D-qEWZFsPmo0lqPlFbxoPBfxPJ7xpip5C059IzOuA2f_i_fBOU_NmGpMcAMO-v-A1r1Spc5aCLghwhNMyTnAYnnOTL2n81R0bndgeVO1Ocy5jCFDHCGi-hHTSg%3D%3D&xkcb=SoAw67M3sTOzltTBHp0FbzkdCdPP&fccid=3fd097b977895a99&vjs=3
QA Engineer (2 to 3 years experience),Manafa Technologies,,https://pk.indeed.com/rc/clk?jk=29c57fbcde42cd37&bb=9sl2pWthp2NRHX63Egq1sqap8Pz4gn-6F4C_7t-BE0Y-aCLhrpSAwifcX6XnGZdGyBwoo7cB_qKhzmTG6Ypyr4T5GSOGcUOPCUbkHQU9cGnoiDCIXycc_b_mqrMmPbaFDTfsALgyo3-eo1E67kF3fg%3D%3D&xkcb=SoDq67M3sTPP5zgYGj0LbzkdCdPP&fccid=2373532529c2d7c8&vjs=3
Software Engineer - PHP,Creative Chaos,Typically responds within 1 day,https://pk.indeed.com/rc/clk?jk=3febcc9a97071c7d&bb=9sl2pWthp2NRHX63Egq1soP8E6-Y7_3ua6JOHAd6ATO7st3__6cuoz1pRqqGatC42RV0EI5pSYbMrZcEVODugY2EMs7hhbVxtwZYsC-bb_PuOzjA10borrzdtZGM3gn5F_WfWM7iqyxpRN6RN4HpLw%3D%3D&xkcb=SoBe67M3sTPP5zgYGj0KbzkdCdPP&fccid=55f3ff01fe733702&vjs=3
SQA Engineer,CureMD Healthcare,Full-time,https://pk.indeed.com/rc/clk?jk=13763356398de33a&bb=9sl2pWthp2NRHX63Egq1soP8E6-Y7_3uo4bm4FUOW87CBQ4_CN5sKJ7IzRxx9iQAjTLSre7fSDFbWAJtRlwkVjis9BK6GGM9g3_GPUJTn2y2w6xHnvkaOsH8NfMO2YkTJ3BCz2UepbXdQk-faTetDw%3D%3D&xkcb=SoDD67M3sTPP5zgYGj0JbzkdCdPP&fccid=31d158ce3cec7a12&vjs=3
Full Stack Developer -MERN (Frontend Focus),Global Software Consulting,"From Rs 230,000 a month",https://pk.indeed.com/rc/clk?jk=c59e85a360b13706&bb=9sl2pWthp2NRHX63Egq1stAhELE0x-7DOMjycOyLNpU0essky_Z5TIb4a4N9CySpMjM9WofUv9cQw6wb5x8kO8HQZus0ESHcj_sN8vZEKqS2KfmvX4Oh67gEUnFd16GbmUCg2wlzpoTFUJaCtodOLg%3D%3D&xkcb=SoB367M3sTPP5zgYGj0IbzkdCdPP&fccid=31ca897c507a269b&cmp=Global-Software-Consulting&ti=Full+Stack+Developer&vjs=3
Software Engineer (Full Stack),DigiU Pty Ltd,Full-time,https://pk.indeed.com/rc/clk?jk=be62fb66b9da9417&bb=9sl2pWthp2NRHX63Egq1spOZOfE_VKXUeC9dg1K1nrIojBwnoqee40XherJt8qDywX7WaKa-tzxPJ7h-pQF8uY1MSLAcAlMNkcl4RfXs-BuMjYpkWuofTjAPXApW9wwKXpYuecusJeKj4As87vkrhw%3D%3D&xkcb=SoD567M3sTPP5zgYGj0PbzkdCdPP&fccid=606c8fe2bbbb671b&vjs=3
IT Infrastructure Engineer,Careem,Full-time,https://pk.indeed.com/rc/clk?jk=e177a263fa436508&bb=9sl2pWthp2NRHX63Egq1ssOMcIIKXeZB36E-Jq1Gee7UzYvxlFS6kFYACvQLBYSNh-vmbLcjKrq390MugPj5KOMPBZCIUKsRbVMO9v05fa--BUPVY3qdvpyJ0UOpS78wEmF7LAS82wzVfKvQ8vCXxw%3D%3D&xkcb=SoBN67M3sTPP5zgYGj0ObzkdCdPP&fccid=e109a1b5089cc574&vjs=3
Software Engineer - Python,Cloudpacer,"From Rs 70,000 a month",https://pk.indeed.com/rc/clk?jk=d3061f32c922d172&bb=9sl2pWthp2NRHX63Egq1skWno4-2xS8iwRbkPIrljDt2igDJFi2t-x_bh_S6OmQqOv-7Bnu7T5Vgb1_rWJIsU2SlrEFns05EGlgYXvlcuGWjpfbWw-9wEeiq8In-NPhouWjKATxJPSR6NrQnw43wmg%3D%3D&xkcb=SoDQ67M3sTPP5zgYGj0NbzkdCdPP&fccid=7a0ef1b19e5cf2e9&cmp=Cloudpacer&ti=Software+Engineer&vjs=3
SQA Engineer Intern,CodeTeck,Full-time,https://pk.indeed.com/rc/clk?jk=e4d85d34b1a4798f&bb=9sl2pWthp2NRHX63Egq1shV41Sad1tq8irYv6vcPlKzm7nfsEFyxYFW6f17UscOhAu4SQ51KLMZb1Q1jug33gyL-LCBfFcOhqhYC2gHonhK52coNS2vlZCIZpc--0TY6_ScIHF4mCqtKPG8tSnqz_A%3D%3D&xkcb=SoBk67M3sTPP5zgYGj0MbzkdCdPP&fccid=10fc01e37f46e8ab&cmp=Codeteck&ti=Quality+Assurance+Engineer&vjs=3
Software Engineer,The Tech Inc.,Full-time,https://pk.indeed.com/rc/clk?jk=17a335b39d9e371c&bb=9sl2pWthp2NRHX63Egq1sj4KI1_dumGMNzFDe7z8VZqU_CUkWKlShJcMXkoSh62JmOLJwttYBKo926gROOz5RRuxCiFXUU8fpV7C66WH-VHQasFHRibUstXPOvbFt2FgLqs4MWG5Z1hglbNsn1UODA%3D%3D&xkcb=SoCN67M3sTPP5zgYGj0DbzkdCdPP&fccid=7b015b76981230df&vjs=3
AIML Engineer LLM Trainee LangChain LangGraph,Analytiverse,"Rs 70,000 - Rs 120,000 a month",https://pk.indeed.com/rc/clk?jk=e8dbf912827c5b45&bb=9sl2pWthp2NRHX63Egq1sj14nmbGkQQtWcqY1Eb4cjUP0txWpI2wbjlEYBYol-dLGVDq2pSEASME92T8UN9EVa3VkYq_TCqYHLP3d3NtcacPQ-b70X2O3foL5nyyU6-YOipZLr5rVtnSRDwc2jtv1g%3D%3D&xkcb=SoA567M3sTPP5zgYGj0CbzkdCdPP&fccid=205dc971dc52caf1&cmp=Analytiverse&ti=Trainee+Engineer&vjs=3
Software Quality Assurance (SQA) Engineer,Biafo Tech,Full-time,https://pk.indeed.com/rc/clk?jk=022c6602ed4d60b7&bb=9sl2pWthp2NRHX63Egq1sgeOGAkDU4lJtZI5io1keHhAoiNe7JBk85xBQp8OR5kO0Rzl7l6K9ZpsLADJrfCMI97HiUDNwMUWaXktIlN5prpUtgXT9YGA4ZPy4llNIY8rUXiukqV8O5imCtrZx7D64w%3D%3D&xkcb=SoCk67M3sTPP5zgYGj0BbzkdCdPP&fccid=39073294d3b5d18c&cmp=Biafo-Tech&ti=Software+Quality+Assurance+Engineer&vjs=3
Senior Full Stack Engineer,My Delivery Services LLC,"Rs 130,000 - Rs 180,000 a month",https://pk.indeed.com/rc/clk?jk=44af6164d88b2701&bb=9sl2pWthp2NRHX63Egq1sji955UNdJAF5tZGZ-LXbfBact0JWEUXYYGXGx8GQOD1dHy0rpOujlapkC6qrBWT4DiIMbg7FuaP1UbSLC9MS1SsrX2Qb_1MpZGMT2nV0_ulkI3vLvSGVKBfkoKLn0-ubw%3D%3D&xkcb=SoAQ67M3sTPP5zgYGj0AbzkdCdPP&fccid=89d0a5830bef4e8f&cmp=Oxford-Management-Consultancy&ti=Full+Stack+Developer&vjs=3
SQA Engineer Intern,Solutions Wave,Full-time,https://pk.indeed.com/rc/clk?jk=ebaa70db61947af5&bb=9sl2pWthp2NRHX63Egq1shL4DCsHDX18xeKSuXIkvardCUMkElMqNV_fWDROERijWtKedU7qFFrgSZlo9HSTSgY3e6YR1vAmL0ZdFs_8Yi4NR_tviCceqW5yfrxWrFDJz8UGR6rqvK_eofLVzq23kQ%3D%3D&xkcb=SoCe67M3sTPP5zgYGj0HbzkdCdPP&fccid=8dd611735fa40c3a&cmp=Solutions-Wave&ti=Quality+Assurance+Engineer&vjs=3
Software Quality Assurance Engineer,ThinkDone Solutions,Salary is not given,https://pk.indeed.com/rc/clk?jk=bc9a6c1c23a7ebfa&bb=9sl2pWthp2NRHX63Egq1sji955UNdJAFGBUs5gQ7fOQbZAU6sONtKZLb5O7VosSb9FGUyfx1hqVO0WMBOhZjWC7Fpu-P8dPysf9_gt14KXNji_PYo-XvAk38SJRi4BtiYpf6ZnCukL_JUErdTwYy7Q%3D%3D&xkcb=SoAq67M3sTPP5zgYGj0GbzkdCdPP&fccid=ecfc857a41fd218d&cmp=ThinkDone-Solutions&ti=Software+Quality+Assurance+Engineer&vjs=3
Full Stack Developer,Precision,Salary is not given,https://pk.indeed.com/rc/clk?jk=e3a28bf207eec3a4&bb=9sl2pWthp2NRHX63Egq1sk5fzFD4qUXeH6mkpjCkhV4y388SrB9Aw5Hi4ShhjfvAb9-sb8tWK2DxWMGxCEQ-omNXVKAMG57yAV0IZKRmU4G1Uy5Z_eIH_qhWQYNr2puvm1PAuxcIo0inh5tYYkjITA%3D%3D&xkcb=SoC367M3sTPP5zgYGj0FbzkdCdPP&fccid=6eb95e9a7408b338&cmp=Arithmiks&ti=Full+Stack+Developer&vjs=3
Junior QA Engineer,Digixvalley Pvt Ltd,Full-time,https://pk.indeed.com/rc/clk?jk=b5109a39d1fb1019&bb=pC4KsH7XY74UwxXoSYDaFxaHWnPta8ZZ25XVgxv3sPOdvieyB11jxGfnvnsVOQUviuke_ZDz88jKVaVJOxm0RwtekR8yettATEyKDc-9Thnk0Mtv_tjB98sqgMYY-T_dY1n8K9GrIj6Xm03Fce4N6w%3D%3D&xkcb=SoBh67M3sTPL9OAYAD0LbzkdCdPP&fccid=cab33a01b40d369b&cmp=Digixvalley-Pvt-Ltd&ti=Junior+Quality+Assurance+Engineer&vjs=3
Junior Quality Assurance,Devspark Labs,Full-time,https://pk.indeed.com/rc/clk?jk=d30be2da8ba62893&bb=pC4KsH7XY74UwxXoSYDaFxSVa_0x3gBQWnwJSn9OLuC_t6pmlD50kU4qUPYCiEos_-WYwd_HEK-OFGIurGZfbGmeA02xHoL1h3yCTZ2NNsyvyaKklagZnMSqb6b2nOIeH4Bogsql_zWKhPKDSqjUGA%3D%3D&xkcb=SoDV67M3sTPL9OAYAD0KbzkdCdPP&fccid=56198b14e882f8d5&cmp=Devspark-Labs&ti=Junior+Quality+Assurance+Analyst&vjs=3
SQA Engineer,Dubizzle Labs,"Rs 60,000 - Rs 120,000 a month",https://pk.indeed.com/rc/clk?jk=8bddb6e8b08cdd32&bb=pC4KsH7XY74UwxXoSYDaFxSVa_0x3gBQ_Cefh4JXtVClIJC1ffKzKZ_zx_-qelagzmaVx89nUNGKLTJK5D9US29vhgGDUa8XItSgc7MAcGyG_agE7ZHRf0_IR8yUE-E0VLFJ70AyWsWb0A3rmapbGg%3D%3D&xkcb=SoBI67M3sTPL9OAYAD0JbzkdCdPP&fccid=eadbc0847d45da27&vjs=3
SQA Engineer,Septem Systems,Full-time,https://pk.indeed.com/rc/clk?jk=5809921e8229bbbb&bb=pC4KsH7XY74UwxXoSYDaF4ftKCOC71NY2YX8JKJteHOZyW8c-1MCw33YLooD1_eHLGnxwnVYsOqX4zCyCR273Goyeah6WwQlO9zvz8U4oTaTBJipM1kK3YDoEJs7WfGWUC-sNvFvf4nbsf03kox5RA%3D%3D&xkcb=SoD867M3sTPL9OAYAD0IbzkdCdPP&fccid=bdab220e10f08524&vjs=3
Associate Enterprise Systems QA Engineer,Motive,Full-time,https://pk.indeed.com/rc/clk?jk=94bcfb2d0f10f185&bb=pC4KsH7XY74UwxXoSYDaFzJ1WD5x_szdJ-n9vU82wK05q1TyHiVuvpa1G4RJ_PpdDN63tYmJCGicxuDB9RiurhrgSElm5dLCwWaW9lENYwZfvDERxuZc5xpCj1aVEpUQcZTomLmizBwjWd6qN7ShGw%3D%3D&xkcb=SoBy67M3sTPL9OAYAD0PbzkdCdPP&fccid=3f4ef5f34c22314a&vjs=3
Prompt Engineer,Punch Digital Agency,Full-time,https://pk.indeed.com/rc/clk?jk=ab2f5e4ffe55fc43&bb=pC4KsH7XY74UwxXoSYDaFxSVa_0x3gBQBPTyFbSbcinsW4Y_D487xBKQFM3KomlfWRMdKTvQZ69_JPUDPX164j35jaIXZePORgKpefeQPA_zGLltGYZjQN-5RXhkssnmeFXZBa7ePCaFTWRazaUyGA%3D%3D&xkcb=SoDG67M3sTPL9OAYAD0ObzkdCdPP&fccid=132742451c7088ce&cmp=Punch-Digital-Agency&ti=Prompt+Engineer&vjs=3
Associate QA Engineer,Digixvalley LLC,Full-time,https://pk.indeed.com/rc/clk?jk=f6a3f772ec282a8a&bb=pC4KsH7XY74UwxXoSYDaF2cNheHkMsNr0V5WCc_hY0FfOIYy1Fye8Q3Run9WTS75sMnOobm1Lhn0O_uiCxw0jtBkXXals_vhWhh5iMtlV3RUAIzB5xyf8_syxuyhBvzqqNZKd9ni7xE4Op3xSGw_Bg%3D%3D&xkcb=SoBb67M3sTPL9OAYAD0NbzkdCdPP&fccid=f9b195b88067cc1f&cmp=Digixvalley-LLC&ti=Quality+Assurance+Engineer&vjs=3
AIML Engineer LLM Trainee,Analytiverse,"Rs 10,000 - Rs 20,000 a month",https://pk.indeed.com/rc/clk?jk=143f8cf3ef39e8f1&bb=pC4KsH7XY74UwxXoSYDaF7eNt1_zUcIlGroNJoUW65njhnrsvpOTZ_bqphwPAOc-n3nYA45bDvS4DTnsX4xf1MqdXB-8crp_bqbfZWghGsrZcRPBBWJqARlceVUQctAxCE5gq_hD421tuDcr-LkP6Q%3D%3D&xkcb=SoDv67M3sTPL9OAYAD0MbzkdCdPP&fccid=205dc971dc52caf1&cmp=Analytiverse&ti=Trainee+Engineer&vjs=3
Python Engineer,Contrive Solutions,Full-time,https://pk.indeed.com/rc/clk?jk=6222ed2340601eb0&bb=pC4KsH7XY74UwxXoSYDaF0dnwFGNnCHzvrJgblSKFfqojnBYjM_1YJ1Ej5wM9rZ5UvBoLQms0byWFecFP2bAn7yzZe4HXIvEYW9r_SxgSkRQoMK06kSJFgzIXALoPHaZuRuZB3m3LCdlW9srFoCgCA%3D%3D&xkcb=SoAG67M3sTPL9OAYAD0DbzkdCdPP&fccid=13d4b8aac5445a9a&cmp=Contrive-Solutions&ti=Python+Developer&vjs=3
SQA Intern,ThinkDone Solutions,"Rs 10,000 - Rs 20,000 a month",https://pk.indeed.com/rc/clk?jk=84184c3a1cecfadd&bb=pC4KsH7XY74UwxXoSYDaF7eNt1_zUcIlUvBbPWW2_OtWr5Ydu2N78Tq0eEj7ztrDG5r7E7m7AomsYR6FicJnEEJp_0RQS1iaH5-fHXBDnRrpqpgRCmUsDPtag7-C-FQMAAf7exxxPXfrfAEDW30igA%3D%3D&xkcb=SoCy67M3sTPL9OAYAD0CbzkdCdPP&fccid=ecfc857a41fd218d&cmp=ThinkDone-Solutions&ti=Sqa+Intern&vjs=3
Software Engineers,eWorx International,Internship,https://pk.indeed.com/rc/clk?jk=ab19142b5322438a&bb=pC4KsH7XY74UwxXoSYDaF5YOlA6qARy5pQySgUZ4NjUe-O4vwutjtvG0-Bk8198HY8bccVjfdFXmAMXp0JyQ749yUYUDRRYYRIv0X04NrMRxcdMS-2slnDDJ9o7sxdcIRcMMXmY1oDVxazNt6ZCOPA%3D%3D&xkcb=SoAv67M3sTPL9OAYAD0BbzkdCdPP&fccid=ef05fbdeabbcfbcc&vjs=3
QA Engineer (Manual Testing),SEER SOLUTIONS DMCC,Salary is not given,https://pk.indeed.com/rc/clk?jk=ed1c56d677149eef&bb=pC4KsH7XY74UwxXoSYDaF-rEikiP9X-2G5rOvINPdSRJnZ44KBn_oZu9t2YAWlpy0mqcluKsUNL0qfryvbXVNNaUmHJc9-6LsyKOHbZZj1eGlRXbpF-DacwjmUxj4iNgZDyJgYYVGaTEV_MJCBMVow%3D%3D&xkcb=SoCb67M3sTPL9OAYAD0AbzkdCdPP&fccid=a607870effb66b59&cmp=Tayseer-G-T&ti=Quality+Assurance+Engineer&vjs=3
AIML Engineer,Analytiverse,Salary is not given,https://pk.indeed.com/rc/clk?jk=5ac477d5e4b13a36&bb=pC4KsH7XY74UwxXoSYDaF82-9No6Dyo9H-93sxqXaPwnv-4663zMnRtirN2WomsE1ml64X1KOo1b829YwSINsorrzpUCmYYtremBjbX19oWDJ9OblW1ouoghxCaEkkomFObsNG6dWWFa9Z4hQoa6Vw%3D%3D&xkcb=SoAV67M3sTPL9OAYAD0HbzkdCdPP&fccid=205dc971dc52caf1&cmp=Analytiverse&ti=Engineer&vjs=3
IT Executive (Female),Gerrys Visa,Salary is not given,https://pk.indeed.com/rc/clk?jk=f2063e2edc6578c4&bb=pC4KsH7XY74UwxXoSYDaF9Rz5hcpjydvZHxe4jQW4WqLc1Wc74dHWwNPE2HhbG1Yz2TIOsTEVpAeMSyojyZLWTMOjaY2yuuG-OR3ocHsq-qIfUlWnuXV3j7pR4dUG3GheWJQy0gKJgIsfMGepv9RPQ%3D%3D&xkcb=SoCh67M3sTPL9OAYAD0GbzkdCdPP&fccid=37a11ab9833fbaa0&cmp=Gerrys-Visa&ti=IT+Executive&vjs=3
Laravel Development Intern,ThinkDone Solutions,Salary is not given,https://pk.indeed.com/rc/clk?jk=ebf81d192404801c&bb=pC4KsH7XY74UwxXoSYDaF4oS78gbODQPEaRaQpUJXnEbeF9O7p3deDSeROxmLcANIqzuK_-Da8dbTZot732SYzitNG-ST_wId6FbHdazdwPHQpk4bIBniADsH4rjlUt_whhohvJivlB9TZm95LfIBQ%3D%3D&xkcb=SoA867M3sTPL9OAYAD0FbzkdCdPP&fccid=ecfc857a41fd218d&cmp=ThinkDone-Solutions&ti=Development+Intern&vjs=3
Game QA Engineer,Game District,Full-time,https://pk.indeed.com/rc/clk?jk=7c852d83bf86b577&bb=mjomxvhM_KEqrBKM0KhyLhH9YdJDDF04NumO4S2QP3LddLi7QEFdlyb-S8CWuSu8siuyL0lz4l4g6TWYuCJiFmr5kENhE3xOeFub_ajC51gUYq5qMuWYNp8jx_U0rvlhNBjpYf3Q41pkqAxurD7JUg%3D%3D&xkcb=SoDb67M3sTPHxmgYAD0LbzkdCdPP&fccid=4d40655b71604d62&cmp=Game-District&ti=Quality+Assurance+Engineer&vjs=3
AI Engineer,Cube discipline,Full-time,https://pk.indeed.com/rc/clk?jk=bebda882ac690fd7&bb=mjomxvhM_KEqrBKM0KhyLhRJ8fI6R-469XSHbPgGVkfR-I3H12lQkGjWIz7VKdrzX1f1VgTnAIwt6bI_aqHBnuPFVizQEJBFcWWVuAZDXMe82_S44kGzQqXZnre-oKRC6xWK0ee6SjZfEvuCqRAOLA%3D%3D&xkcb=SoBv67M3sTPHxmgYAD0KbzkdCdPP&fccid=a3070af0805ede84&cmp=Cube-Discipline&ti=Ai+Developer&vjs=3
Technical Support L2/L3 Engineer,MTP (Mayfair Technology Partners),Full-time,https://pk.indeed.com/rc/clk?jk=c85847002cf25eca&bb=mjomxvhM_KEqrBKM0KhyLtpx280q5uhJD8TtrPOh54LT4PqGr5ieYHFgkEYFBLr8TZUc6Iq9Xb1DVDrAUsQ2RfvsIhVMcRgSw4WBF13PPxKRAj5lARW8S_EgOeWfCc8g8gVJztSSI_aD1xzkxc9D5A%3D%3D&xkcb=SoDy67M3sTPHxmgYAD0JbzkdCdPP&fccid=d1651e2f98d17d66&cmp=MTP-%28Mayfair-Technology-Partners%29&ti=Technical+Support+Engineer&vjs=3
Associate Product Support Engineer ( Fintech ),Abyan Capital,Full-time,https://pk.indeed.com/rc/clk?jk=ee77ac0e42c5ebbe&bb=mjomxvhM_KEqrBKM0KhyLqYRVg8M3lEyJ7fjVetYl-gAwzVOLX8bssde_ru4MkpUUJV0YwvHB4FfCL0H3CSGmF31eqDBPvktSTJMqVU9tab_rpL14c0RHZkSoieJIm1e8iqtfd2I771ABgdWjmH-EQ%3D%3D&xkcb=SoBG67M3sTPHxmgYAD0IbzkdCdPP&fccid=2fcd1634fe1b02a4&vjs=3
SQA Engineer,Web Applications & Data Integration Company,Full-time,https://pk.indeed.com/rc/clk?jk=00f456ecb954db92&bb=mjomxvhM_KEqrBKM0KhyLhwV-1_7hm1lgd0sxoOgW-z-1mB46VRr6n_tS_1BwXqXA6E-xXaTn6qn7ObhqrhJOmpJODdH7ATK9wwiwqxpD29_nPrnJluj9pSLOaUEZSzyTL6FQpDcaWeSNv3j8aKnjw%3D%3D&xkcb=SoDI67M3sTPHxmgYAD0PbzkdCdPP&fccid=e86fb3f536f154e1&cmp=Web-Applications-%2526-Data-Integration-Company&ti=Quality+Assurance+Engineer&vjs=3
Quality Assurance Manager & Engineers,eWorx International,"Rs 300,000 - Rs 400,000 a month",https://pk.indeed.com/rc/clk?jk=18514bf4c818d56d&bb=mjomxvhM_KEqrBKM0KhyLl-kGv7lDkQA4GLCOrPUtgCbzvexw81rOcT9dKlGjJFik3OiFHxbNRyznQuoQQqK89QTN6lmQDNDdLWtm5KDB4Zm202mzYW5FHnz_Li7I6ayroPUOwPq4czMDO1nOCeZbw%3D%3D&xkcb=SoB867M3sTPHxmgYAD0ObzkdCdPP&fccid=ef05fbdeabbcfbcc&vjs=3
IT Engineer Opportunity,Fast Consultants,Salary is not given,https://pk.indeed.com/rc/clk?jk=3dc1d6adf1cab16b&bb=mjomxvhM_KEqrBKM0KhyLpAboaooCwmCF9TN_To9igM9cp_DOXkQklnfDBNVrcbK-fteURcgjqRW_Aj2TbaJ_vNjJce3J-HXfXNczDTSH4I3a8vQ2YMIElq5BpfE0cwXufLxudioOlVEoFxd7LfeIw%3D%3D&xkcb=SoDh67M3sTPHxmgYAD0NbzkdCdPP&fccid=bdac5a876895838b&vjs=3
Software Engineer I - MLOps,Careem,Salary is not given,https://pk.indeed.com/rc/clk?jk=56e36f7b61985668&bb=mjomxvhM_KEqrBKM0KhyLldoKQQbaaBvyoW55MSFKp6I8pzcZLQtQlVL_cLxWuMKhSJCk6f4YslnGfdHpOLBuVXNJSkEQ9gKUkZi20j0Sv7FCHJ_axLc9INa3KVniJCXTeUmIPmaEV8d_RwvHcyQYA%3D%3D&xkcb=SoBV67M3sTPHxmgYAD0MbzkdCdPP&fccid=e109a1b5089cc574&vjs=3
Software Quality Assurance Engineer,BearPlex,Salary is not given,https://pk.indeed.com/rc/clk?jk=7d20863add1e8daa&bb=mjomxvhM_KEqrBKM0KhyLtpx280q5uhJvWqG2gA3rltZAPGhU0PmQ1QndTdW4sj_JTfLHndcqxYQSCSm8enOxM_KPFmTf0nk7PKqhqUIdj3k4gKj-MIaW0UZ1lFjoCuD26MaHEOoB7ksAkTURPSU3Q%3D%3D&xkcb=SoC867M3sTPHxmgYAD0DbzkdCdPP&fccid=51f08cea6cdc5615&cmp=BearPlex&ti=Software+Quality+Assurance+Engineer&vjs=3
Senior Software Web UI Engineer/ Senior ReactJs Web UI Engineer,A1Strategez,Salary is not given,https://pk.indeed.com/rc/clk?jk=da010eff99cf6b75&bb=mjomxvhM_KEqrBKM0KhyLjrf8quiWMFfLzxEfdeUgXa1XBnpg8XqStbUa8872EReiWs1BWp5gPN3NL6NB6JJkHBr9C2kZp1OuKSRU8ox3tOzcnRDa9NSCo84fYRRTRHJkXPzfWtIvUi_QiMVd92OQQ%3D%3D&xkcb=SoAI67M3sTPHxmgYAD0CbzkdCdPP&fccid=27956d328b5a40f3&cmp=A1Strategez&ti=Front+End+Developer&vjs=3
Laravel Specialist,Contrive Solutions,Salary is not given,https://pk.indeed.com/rc/clk?jk=60628a3af441d728&bb=mjomxvhM_KEqrBKM0KhyLs2PAvST2FQ8WDKvKbpGQusDp59zwAkOAWsdic31MfrEMRN9pt_sxnE3WCdGGywUzdxNQP5dlSf9420dEBg3Ucq_DUkPjEQS4oSsIykTzePaBky5dAk3n_oCehD6bj9b1w%3D%3D&xkcb=SoCV67M3sTPHxmgYAD0BbzkdCdPP&fccid=13d4b8aac5445a9a&cmp=Contrive-Solutions&ti=Laravel+Specialist&vjs=3
Senior SQA Engineer,Aqovia,Salary is not given,https://pk.indeed.com/rc/clk?jk=a36caa83730b3629&bb=mjomxvhM_KEqrBKM0KhyLhT_KwmbfCftWZyqJpuejUspJ3ZFeL9oqEspdUYv8a8LX9qXiOKQCkbn0gZXps7MY_kTTSHQkgCpy5VW48o9lGeAAVmtuP54Vcn53xPk7wE_PbhU69FGJDEwmtv4ZrUvaQ%3D%3D&xkcb=SoAh67M3sTPHxmgYAD0AbzkdCdPP&fccid=0996698239574abf&vjs=3
AI/ML Engineer (AI/LLM Trainee),Analytiverse,Salary is not given,https://pk.indeed.com/rc/clk?jk=8b5e092f1d89c800&bb=mjomxvhM_KEqrBKM0KhyLhwV-1_7hm1lvVQDBqNkb8s2EVX3NE9emOdH4xnLA8Ct3Ec88jLxCmvhPZWngdX69nODMc70rbiAvDtbirjOFi_5__YAgzqGUedW-m22eo12SPQFrjs03lhLjhR4RVqqxA%3D%3D&xkcb=SoCv67M3sTPHxmgYAD0HbzkdCdPP&fccid=205dc971dc52caf1&cmp=Analytiverse&ti=Ai%2Fml+Engineer&vjs=3
Senior MEAN Stack Engineer,Search O Pal,Salary is not given,https://pk.indeed.com/rc/clk?jk=50235f10154e5451&bb=mjomxvhM_KEqrBKM0KhyLjrf8quiWMFfUC70GWrmZwL9Lc24a2ENt4UWtVe6C_PUmLF1AYEo1wpMFPOX-uKiq7V5AaA1xfjMMGgERhcNdDqP0J5ner2doWCWM9yzk3PqJ6M6tv1itiNlrw4XlGAByA%3D%3D&xkcb=SoAb67M3sTPHxmgYAD0GbzkdCdPP&fccid=105040bcd0498e4e&cmp=Search-O-Pal&ti=Mean+Stack+Architect&vjs=3
Software Automation Engineer (Cypress + JavaScript),TechSea,Salary is not given,https://pk.indeed.com/rc/clk?jk=09461656b7401e9b&bb=mjomxvhM_KEqrBKM0KhyLkQeHcIF7nU9IRin9P39D_4xci2GbZgShVi71xDNVl3qMBR6PdEHrI2GO9qjacS0XokqgGrf_XGajPbrlHICRBqEsZXjfPRllnZ6crmpG2_6ATIF7kyFDv-Oel9vnh_VJw%3D%3D&xkcb=SoCG67M3sTPHxmgYAD0FbzkdCdPP&fccid=d088ede6df330431&vjs=3
Machine Learning Engineer,AxcelerateAI,Full-time,https://pk.indeed.com/rc/clk?jk=af657ef35458557a&bb=qkmBEBm8eCZ7SIFzlXnQ4-S2BtCRwnXNKx-h1aWHkUMaNPPYF5kCkpNRaVDGPOpWEY2IKqo8IKw08m1UMTwzEyU2N1fj1ZClBmKFUBDuTVeDWQRg3kc0nIZzBk0tDA3BbFZdF2OgdJoEgKzWUaTBmw%3D%3D&xkcb=SoAt67M3sTPD1ZgYAD0LbzkdCdPP&fccid=96354eac7cef4141&cmp=AxcelerateAI&ti=Machine+Learning+Engineer&vjs=3
Software Engineer II - Backend | NextGen Engineering,Careem,Full-time,https://pk.indeed.com/rc/clk?jk=4186801a7feb3a95&bb=qkmBEBm8eCZ7SIFzlXnQ4xTQ62IoheL4FXOKgjoHtN3AxzXUxmCf6azEAbjk0jqq4FD6FMYPlfZgaEu-q7EAoeEDPGmXSGeKaCrDD-MBdk0rchAHwXs17HzKuYvHiU44UTkt1dLF6M-meVRobzg97Q%3D%3D&xkcb=SoCZ67M3sTPD1ZgYAD0KbzkdCdPP&fccid=e109a1b5089cc574&vjs=3
UI/UX Designer,Caramel Tech Studios,"Rs 50,000 - Rs 100,000 a month",https://pk.indeed.com/rc/clk?jk=e92346e8630538c1&bb=qkmBEBm8eCZ7SIFzlXnQ4xMwHmqyKeatd9M3ygdiayNvccuFqWiPMP7BWOy7_JR_Vh5UQvu9L8I9xT7OR9hCngbVSxNwzX3SZijgnWFku7JG5Fx_FjZQU8duvOCnOLE-1rmyZqI3u5BTa4zi9lSqqA%3D%3D&xkcb=SoAE67M3sTPD1ZgYAD0JbzkdCdPP&fccid=85983499f75d376c&vjs=3
Design & Application Engineer,M&N Business,,https://pk.indeed.com/rc/clk?jk=89df77d609f7a30e&bb=qkmBEBm8eCZ7SIFzlXnQ49wRyO0PxTZcWm88iIv5fSPkUIftE-Mikz-Kw-bJ89mFs35vQxrTPvOV-WGOcJQB62pn-TmnlSeYsk_RZLmkZOeqwnDQJ4-_SKoBhuJ7zF6h642laulBXthKBTJRCUC6ug%3D%3D&xkcb=SoCw67M3sTPD1ZgYAD0IbzkdCdPP&fccid=c437d5e2427dee18&cmp=M%2526N-Business&ti=Application+Developer&vjs=3
Junior Python Developer,Mindwhiz,Typically responds within 1 day,https://pk.indeed.com/rc/clk?jk=b7454784dce284ed&bb=qkmBEBm8eCZ7SIFzlXnQ49JHQ45mliSJFHvEc8W0jBU4Ao2-M5ylNy5kZGkBf084PR8jrekCPjIV7bm2xQxwqXh_FdBE5QeRUE9k7cploGzWYAANMnpBL9-C_CgtFsmNjnTKa9Ao-sPQbB2ww6nubw%3D%3D&xkcb=SoA-67M3sTPD1ZgYAD0PbzkdCdPP&fccid=666369322b0dab31&cmp=Mindwhiz&ti=Junior+Python+Developer&vjs=3
Design & Application Engineer,Avanceon MEA,Full-time,https://pk.indeed.com/rc/clk?jk=0cef44197c0ed48d&bb=qkmBEBm8eCZ7SIFzlXnQ4w4-u9qf70UwEScbKp9jEiH7zWebjlimcBui1JHBB2hp3MdT4fAA5OnSHJnsxV2AW6WHF_bCwGE2mFCm-Zntoue1w0HROBZAVFI_nC8pc1WoLyvh16KmiQQF5FrBQy0aug%3D%3D&xkcb=SoCK67M3sTPD1ZgYAD0ObzkdCdPP&fccid=09ba960c1f252172&vjs=3
Associate Software Engineer (Flutter),Planlab Solutions,Full-time,https://pk.indeed.com/rc/clk?jk=fa2bea5876a1744a&bb=qkmBEBm8eCZ7SIFzlXnQ4zLKtj8wD7YgN0cwVbG7f7kPa9IpGUwQxOsjV7G1ATcOWsAzaSonfAkfHkwn8vWAYtQVFHsxUJJwEhyKG3qkwIKVjl90irYTkAefK5TKmR0SGyi54qLp1V6oi8jlUxh27w%3D%3D&xkcb=SoAX67M3sTPD1ZgYAD0NbzkdCdPP&fccid=eceddc19688ce9a6&cmp=Planlab-Solutions&ti=Software+Engineer&vjs=3
QA Automation Engineer,PakWheels,"From Rs 50,000 a month",https://pk.indeed.com/rc/clk?jk=86794df6570d83e3&bb=qkmBEBm8eCZ7SIFzlXnQ4zRTEcpnRzd1-FV0LkqrSy0n6FYcGMRrQD_z5lWEBkrWIF_sad0P_6NSPFS3fMB7sbpcc3r_3VPOnUuMTlzwUvz1M8jsnk7vvPLTjMFPhUcEI1cUz9vj5AF9r6KBH8E5Kw%3D%3D&xkcb=SoCj67M3sTPD1ZgYAD0MbzkdCdPP&fccid=04963aa30de3a50e&vjs=3
QA Automation Engineer,Carbonteq,"Rs 150,000 - Rs 250,000 a month",https://pk.indeed.com/rc/clk?jk=bd5c53e2f536192e&bb=qkmBEBm8eCZ7SIFzlXnQ40JcBiTHFiTz3vCKylgRkcLa4jpGDsuQjBDMyIwod9yUEb96FQmVsGdhzLO9YsqifUNNtUczB5tW1EYZHcFuP1jXuDyk8TanOQVf2RG-uS9m9bdXZ-hHJwcvcOOpTokZkg%3D%3D&xkcb=SoBK67M3sTPD1ZgYAD0DbzkdCdPP&fccid=05041dcd443e374e&vjs=3
Mid-Level Product Support Engineer,HR Force International,Full-time,https://pk.indeed.com/rc/clk?jk=33a4138eb6e9961c&bb=qkmBEBm8eCZ7SIFzlXnQ47ewt_k7jxMnAJUjyiC3sfax5hlVDHGCS6zlnQ7nob23eqyY-LnfXPbNHFyWvK1wGxWjn6jDnqy0JxkagS5765fY8ZiAVTgyFbvDoxydksMqZAL-03_WvWQKwQk98vi7qA%3D%3D&xkcb=SoD-67M3sTPD1ZgYAD0CbzkdCdPP&fccid=87c4d2d411a40f23&vjs=3
Associate Software Quality Assurance Engineer,Sumato Solutions,"Rs 50,000 - Rs 200,000 a month",https://pk.indeed.com/rc/clk?jk=8e97bffd8106f515&bb=qkmBEBm8eCZ7SIFzlXnQ439OFhtLQpd_wOiAMiNjhy-Pgt89R-S8Bt4X2PSy2nRuG5xGeNbICAJj0gE24F3nFFXy5krSR29P7MiEwfYVDGPZOOPMFvFC_yokVODrDXuXTrR38DQjJamsf-1mbsGU7w%3D%3D&xkcb=SoBj67M3sTPD1ZgYAD0BbzkdCdPP&fccid=7919ef9d3efcd232&cmp=Sumato-Solutions&ti=Software+Quality+Assurance+Engineer&vjs=3
Gohighlevel Specialist,ThinkDone Solutions,Full-time,https://pk.indeed.com/rc/clk?jk=337780fe74ef16af&bb=qkmBEBm8eCZ7SIFzlXnQ42oBFxjYEOagqIdt2jTs8rMKWxplD5zdMMCcPwougrA8OwtUHdtQtNsawBHlRW06UdK7v0MIxAY1Tks8gx4jSA_3R9NSPhUUDg25PpyUdKFH2t0ccGyDHMPlqrBk6H7N0A%3D%3D&xkcb=SoDX67M3sTPD1ZgYAD0AbzkdCdPP&fccid=ecfc857a41fd218d&cmp=ThinkDone-Solutions&ti=Gohighlevel+Specialist&vjs=3
Network Systems Engineer,IRG Global,Full-time,https://pk.indeed.com/rc/clk?jk=d5f853acfc7772fb&bb=qkmBEBm8eCZ7SIFzlXnQ43T0BTv-L83rnNvKQe3SNnWxZ-mdRuE1KhwqjrvSREtIzoRgRnQAZLGeswb05cInU5RTX9fqaLlLTump5VQ9osNvUEcc7z3Mpy6Wh8axjG7ZL5UzEyNK0eE0KKNOK3yxwg%3D%3D&xkcb=SoBZ67M3sTPD1ZgYAD0HbzkdCdPP&fccid=1217f4738c60b1a2&cmp=Imperial-Resource-Group%2C-Global&ti=Network+Engineer&vjs=3
Associate Software Architect,CureMD Healthcare,Salary is not given,https://pk.indeed.com/rc/clk?jk=4856287a1fc8d05e&bb=qkmBEBm8eCZ7SIFzlXnQ417PKjDT412w0NiKZ4B8SY-G50Olq1MHkobTtyRx3Xl2uQ1B_eM5CTuaroDiUl01d1Koe3XMNkA6vBFd-6A2udbLlzAkdubeWz8MmntZXtJfJGR3NwGbvkLQ3cAp_t5b_g%3D%3D&xkcb=SoDt67M3sTPD1ZgYAD0GbzkdCdPP&fccid=31d158ce3cec7a12&vjs=3
Senior SQA Engineer,Dubizzle Labs,Salary is not given,https://pk.indeed.com/rc/clk?jk=69455c27a9d48117&bb=qkmBEBm8eCZ7SIFzlXnQ42kHehaTniQj91bsyshtgJ9mBetdHgx1uo1hkNP0488e6rlwjS6lPoqei31UaVyA9-v_oV5L9NUnRkzyCwD-XnP50Nzmw_tHO8mxG2s_7k_RqvHmid6D8wATR5hutKkM-Q%3D%3D&xkcb=SoBw67M3sTPD1ZgYAD0FbzkdCdPP&fccid=eadbc0847d45da27&vjs=3
Lead / Senior Generative AI Engineer,92Techno,,https://pk.indeed.com/rc/clk?jk=dcd6eb12f402228c&bb=DGDtAcULhdfZv1afFH4VVHxM6DW9KBA5hJ7CHG2qf_bNv986yaRrUGpDHnuXSsBueI4zvncEuwYV4-2uMGAR42G2roce9jAQiowbL3WzJ-HIPbn2qkQ8hrhrJorwEm23LdSnIZqVsXjoi2mKkum1hg%3D%3D&xkcb=SoBv67M3sTPfzxzDD50LbzkdCdPP&fccid=0e6ed448825697b5&cmp=92Techno&ti=Lead+Generation+Specialist&vjs=3
Associate Software Engineer (Python Stack),GenITeam Solutions,Typically responds within 3 days,https://pk.indeed.com/rc/clk?jk=d571261610beaac1&bb=DGDtAcULhdfZv1afFH4VVIFU06O944cOWuauUNk0GZugg8YAtsx2fcHM51wDhVVz0izHoVirb94v1iJAFI5dkQYMdP3TGao5i9o19-rTQZjk4bGlGQ7NnFEGqOOwy5ssY1kXqjW5QPYXjn_iMj52nQ%3D%3D&xkcb=SoDb67M3sTPfzxzDD50KbzkdCdPP&fccid=484cff7e53ce933d&cmp=Geniteam-Solutions&ti=Software+Engineer&vjs=3
Technical Support Engineer,Recruitzz,"Rs 300,000 - Rs 350,000 a month",https://pk.indeed.com/rc/clk?jk=aa010e2333ea0311&bb=DGDtAcULhdfZv1afFH4VVIdd-EYGlb5diyMTEMFyYOQeHmVdl6Rxp-KIO2Mg0KnMz5XHm8g1MA3xESNJRbAlUBAkyXIE7w7Nr0FwEYTYx5XJznkx-UX9um8p_ncMn5TrrhtD6lKgx1hRaBlkmFL-JA%3D%3D&xkcb=SoBG67M3sTPfzxzDD50JbzkdCdPP&fccid=6147d9ac3a9bae03&cmp=Recruitzz&ti=Technical+Support+Engineer&vjs=3
Python Developer,Arithmiks,Full-time,https://pk.indeed.com/rc/clk?jk=be8413cfb966538d&bb=DGDtAcULhdfZv1afFH4VVBgGyEjorfnAEKOmwzgxWzhYTP0jkT0rRyi3XaVglQevfkpE99CKgfkP8npyGEvx_CQgi6Ien3ssAUcpm72yHAEzw2fLxYf5xyDejiP4hVO1qzX0OFjl9M_1P-GopNqVvw%3D%3D&xkcb=SoDy67M3sTPfzxzDD50IbzkdCdPP&fccid=6eb95e9a7408b338&cmp=Arithmiks&ti=Python+Developer&vjs=3
Junior Software Quality Assurance,Smart Computing Pvt Ltd,"Rs 80,000 - Rs 110,000 a month",https://pk.indeed.com/rc/clk?jk=131cf3d7a4ca351a&bb=DGDtAcULhdfZv1afFH4VVF-gGzsn-nBnET0GGJZRS76uxUkd627pngAcuCb4VaV3z352mNr7tHU89klDn-tA6GN46Hb4Om6NSpgIkAc-GCrm0NSKFfguAF_Iv0kSZnY_Pq1dakYBJ44I8gG3Vd63vA%3D%3D&xkcb=SoB867M3sTPfzxzDD50PbzkdCdPP&fccid=7b4cc905160b56be&cmp=RMA-Metering-Private-Limited&ti=Junior+Quality+Assurance+Analyst&vjs=3
SQA JUNIOR,Software Pro Digital,"Up to Rs 35,000 a month",https://pk.indeed.com/rc/clk?jk=0e2e239728cbc23f&bb=DGDtAcULhdfZv1afFH4VVH7tuYiSOJmHh6s0sJ0G70L34HYwqmhl3qISuID83Wicgvr7ot1bt4rxC6BbgwmWxUY5ooN96xjads0dT1RvN8C5L2X_K4Lze8F99-e5_AhKgLpAighlOTlkHUZ-ABGFag%3D%3D&xkcb=SoDI67M3sTPfzxzDD50ObzkdCdPP&fccid=89fc78313e2f4e5a&cmp=Shopify-Pro&ti=Sqa+Junior&vjs=3
Field Engineer,Connexis Pvt. Limited,Full-time,https://pk.indeed.com/rc/clk?jk=f1dcdc7f0a5e8d37&bb=DGDtAcULhdfZv1afFH4VVGS4cZvLm0_HMKsWdv2aGZT6DwkxzsxqL1y_uFSt2u_7Q_v_u4CYEB5whTNdRlwJpLdfN6Yct5hX459HRx_5fSKcekXqZEsLvE5ysM0CpZGJ2A-OmXtIlL1IgqAZo7lT6g%3D%3D&xkcb=SoBV67M3sTPfzxzDD50NbzkdCdPP&fccid=c7a63333fe577d3c&cmp=Connexis-Pvt.-Limited&ti=Field+Engineer&vjs=3
Python Developer,System Heuristics,+1,https://pk.indeed.com/rc/clk?jk=d46eed51f727076b&bb=DGDtAcULhdfZv1afFH4VVFX6d_zYKhQWQFmyS-w6eFClr-pIhP_ozYSDsSMXYj_wd42kO83R8hOXuaYqIUf7lgoaTfVsNYembg0ZrJsDKlEpl_HwnHg4ryb9HsP2Q1Os6vSjgiedeQBx0vmIFLlK4A%3D%3D&xkcb=SoDh67M3sTPfzxzDD50MbzkdCdPP&fccid=9de744f85af6c5c7&cmp=System-Heuristics&ti=Python+Developer&vjs=3
Senior Software Engineer - React JS,Dubizzle Labs,"Rs 130,000 - Rs 170,000 a month",https://pk.indeed.com/rc/clk?jk=9f15cba18310c214&bb=DGDtAcULhdfZv1afFH4VVEhydH7oscsbSmXwf2vlTGjAR0_MWjF2sbf_sXpKD1tCJqMHvOXk6GuKZ0AzcD9zIrt9AdhsvBIZca0h9aUu0BzZEMvPbAaWds3hqXBrdXU_sstB25usie50BY2js3MM1g%3D%3D&xkcb=SoAI67M3sTPfzxzDD50DbzkdCdPP&fccid=eadbc0847d45da27&vjs=3
Trainee Engineer (Electrical/Electronics),MEP Solutions,Full-time,https://pk.indeed.com/rc/clk?jk=3ceb2659dfadccbe&bb=DGDtAcULhdfZv1afFH4VVOzVD3THiDTHBuKYeAdfD4szVdANSd1Tp0JIBBp6XvNg0hUcET2LI9sGPhV-gH4KcBClzoUOzFMxtQM7n3-tVtKWOtVVLrzId6ghgC0LZr7yuaH8Bhv-RwItJFWi8f70vA%3D%3D&xkcb=SoC867M3sTPfzxzDD50CbzkdCdPP&fccid=01835d3db9fb2d92&cmp=MEP-Solutions&ti=Trainee+Engineer&vjs=3
Associate Software Engineer (Data scientist),Big Data Analytics,"Rs 50,000 - Rs 72,000 a month",https://pk.indeed.com/rc/clk?jk=15a024aebeca2494&bb=DGDtAcULhdfZv1afFH4VVJ0hh8FqfmLHWoQhWXjpmH43ypB0MZxhMNBDGFMVIsGt9T7L1YtKDHe_N9NXnPMqHNmiO9yENUsHmhicQ-3zyb23tP-e7sRwcfbYiuX1dXT_kN53b_xhKNRbjsV2US8ORw%3D%3D&xkcb=SoAh67M3sTPfzxzDD50BbzkdCdPP&fccid=02175a6f2ce14612&cmp=Big-Byte-Insights&ti=Data+Scientist&vjs=3
Python Developr,HR Professional,"Rs 50,000 - Rs 80,000 a month",https://pk.indeed.com/rc/clk?jk=dc3ac71824360c1e&bb=DGDtAcULhdfZv1afFH4VVIFU06O944cOZcx8ekLyVyiIQgTmHIsUei4MJNWFl_nOq68LJG1bDSMI8xOV4x6orMRU_cT-B6BNv5fjFI2mJFlvVqB-bizDo_JjxdJRDLUMmQeOw2O3p8ykZwCphOA21A%3D%3D&xkcb=SoCV67M3sTPfzxzDD50AbzkdCdPP&fccid=4c2bf637c99bf9ac&cmp=HR-Professional&ti=Python+Developr&vjs=3
Systems Engineer,ICE Consulting,"Rs 60,000 - Rs 100,000 a month",https://pk.indeed.com/rc/clk?jk=81704777c10551ca&bb=DGDtAcULhdfZv1afFH4VVAq79YrNpx4KcPL_HcZi-XXevL3PfAHtE1eCZdCN46AzQfV2QyK8cQUArV3EZpwLkM2ZgsxgwvOjRMUL6lGfU_oHRf6FmuZhm6vMV_pEmO8hQSSi9QoXlJlucM3MachwLw%3D%3D&xkcb=SoAb67M3sTPfzxzDD50HbzkdCdPP&fccid=caed0b5267005efa&vjs=3
Machine Learning Engineer,Caramel Tech Studios,"Rs 25,000 - Rs 35,000 a month",https://pk.indeed.com/rc/clk?jk=a41ef4e808403068&bb=DGDtAcULhdfZv1afFH4VVKRbgByIn4iKZzhV_CeAUAkm58hAJtYf6p32mO9Wo71xM2wDOGbacyFZLWdQvkc3r1b6eoGYGn9AsQ-T7HFhG3Z_3NsblauDu7_71TYGgA9YUZYfYA0W0kgeWyGF9txa_A%3D%3D&xkcb=SoCv67M3sTPfzxzDD50GbzkdCdPP&fccid=85983499f75d376c&vjs=3
QA Automation Engineer IV,TCP Software,Full-time,https://pk.indeed.com/rc/clk?jk=f8c1704bbdd47160&bb=DGDtAcULhdfZv1afFH4VVOG8owCXD_qt0GBwDxCEOEpC8OmB7HCyWcpXfElDr9IbDNicoUvuPourJQvny4yNv0UaUWjyU2XPdd9PVejML2-vdM5PrLaHcQk-nw6RXlsgf13nFEF7aongyDv2k5FPsw%3D%3D&xkcb=SoAy67M3sTPfzxzDD50FbzkdCdPP&fccid=82e95b0a62c053cd&vjs=3
N/A, Company name is not given,,Link not available
N/A, Company name is not given,Typically responds within 9 days,Link not available
N/A, Company name is not given,"Rs 90,000 - Rs 200,000 a month",Link not available
N/A, Company name is not given,Full-time,Link not available
N/A, Company name is not given,Full-time,Link not available
N/A, Company name is not given,Full-time,Link not available
Quality Assurance Automation Engineer,Softpers Interactive,"Rs 40,000 - Rs 50,000 a month",https://pk.indeed.com/rc/clk?jk=d7670b95628c7e4a&bb=T4SJ6-YvoMyqo_6PivvOuOeEOQtqgdCOccgHU9GfuvYWX7mo3-3_-qqq_trFSNYsQ7mlusPti6BQlUBBWMepJ10tnsvpJxNUXOUOq-cC-gxhPvYT5Ki7EtWpj73uOOhOCd8w8IxMnLZAx14zN8AC6g%3D%3D&xkcb=SoA567M3sTPb3GTCTp0LbzkdCdPP&fccid=f92b092dee857e57&vjs=3
Software Support Officer,Gosafe System Pvt Limited,Full-time,https://pk.indeed.com/rc/clk?jk=4e371414555737a8&bb=T4SJ6-YvoMyqo_6PivvOuOTkZOAdpFR84SctlDvmir70R7YrUELSqQsDd9W6InKCns7LsJjgPXWv_Ks2qRZe1JTLqEAXT_IZHiqHB3zMw4DsRDNKBqtaWaxDmpH1JywCAhUxMVtkICd9wd-HGGZROA%3D%3D&xkcb=SoCN67M3sTPb3GTCTp0KbzkdCdPP&fccid=ed5d547b0e82541c&cmp=Gosafe-System-Pvt.-Ltd.&ti=Support+Specialist&vjs=3
Telecom Network Engineer,IRG Global,"Rs 60,000 - Rs 100,000 a month",https://pk.indeed.com/rc/clk?jk=8f952517498345b9&bb=T4SJ6-YvoMyqo_6PivvOuL4nQEVbrKe5RZp_flpsTbAMN9BTbGHBNw1SxjrroAlgwLbq1Tfdryyh5ShKfqn7_5OamiGnzLh8UIcRHxQe_0WC6X6QaXQQwO0AdP5fApmGuQ6VLpCUo1ivb3RQb9y2QQ%3D%3D&xkcb=SoAQ67M3sTPb3GTCTp0JbzkdCdPP&fccid=1217f4738c60b1a2&cmp=Imperial-Resource-Group%2C-Global&ti=Telecommunications+Engineer&vjs=3
Software Engineer IV - BE,TCP Software,Full-time,https://pk.indeed.com/rc/clk?jk=b93d18a3f27e358c&bb=T4SJ6-YvoMyqo_6PivvOuK5O87wJukzuMoHkk9ZhpUv-dZksHi25PPhEj47dH56iGvKzxBPcFfeQ_tq7AC06j7fHGBv1j55NoM1Wup-4Tx_YZsxovkuCq-vJi0xqK_BHTgAjVjRkyT8aRPjmxuA2Sw%3D%3D&xkcb=SoCk67M3sTPb3GTCTp0IbzkdCdPP&fccid=82e95b0a62c053cd&vjs=3
Senior SQA Engineer Manual,Ascertia,Full-time,https://pk.indeed.com/rc/clk?jk=ed360828df961ee0&bb=T4SJ6-YvoMyqo_6PivvOuGGzxt9ZAmn6sbV7q11JNcrztT4UuFnDAp6Q7COhU-XguhnwLA-0cPRJL0J_0gwb20NClW2_kWb-3Nh0dsKZJ2yesraKga9kZ7J0-paaYcKZo7TXdUCA9rKYtfij_j36ow%3D%3D&xkcb=SoAq67M3sTPb3GTCTp0PbzkdCdPP&fccid=f6d321570c54d2cc&vjs=3
Senior Quality Assurance Engineer,Jeeny,,https://pk.indeed.com/rc/clk?jk=5cb231a2fab365ca&bb=T4SJ6-YvoMyqo_6PivvOuKQn_lmeQwPg1XKqlNMUVm_t0n_vQkO3u6tEqHsvzsXX_3U1sER0WOSjKnJNBeaF7IBqZFrL_6ujiVsvCMmKcELKSfeP57RvNXpQz2KDwD3kWlOq8I1zz8K2aNqWU9x9ZA%3D%3D&xkcb=SoCe67M3sTPb3GTCTp0ObzkdCdPP&fccid=221f3fe8667ef069&vjs=3
Auto Cad Engineer,Avanceon MEA,Typically responds within 1 day,https://pk.indeed.com/rc/clk?jk=5562c3b19d992216&bb=T4SJ6-YvoMyqo_6PivvOuHpBm1oMFNSx6jiamUxqFgD15YrDEHFui265RNLpw7TQbePjzFBZjJCMQ-eSUftW2pMgBiuHFjR_EFFFsvQjGiw5fCjianY3xy5oOWmOo_uoanX072djEaMHOtLuZy8ZvA%3D%3D&xkcb=SoAD67M3sTPb3GTCTp0NbzkdCdPP&fccid=09ba960c1f252172&vjs=3
Senior Software Quality Assurance (SQA) Engineer,WP Minds,Full-time,https://pk.indeed.com/rc/clk?jk=33c099aaac7a0786&bb=T4SJ6-YvoMyqo_6PivvOuHGyNv64GJnhysVzLw_naw8gcUXWtCRWjhjGLLzF7nLQ41P8PWq2qC003_KvyolSHo3uJoZkgaJAnr2ZLxcYc9l5KYyd7DBiRxbJ6pHAjl8MAe_jUNAhra9fKO2NY5azhg%3D%3D&xkcb=SoC367M3sTPb3GTCTp0MbzkdCdPP&fccid=19f94e0f9ee44a32&cmp=WP-Minds&ti=Senior+Software+Quality+Assurance+Engineer&vjs=3
Production Engineer - Board,Interwood Mobel,"Rs 60,000 - Rs 120,000 a month",https://pk.indeed.com/rc/clk?jk=7d6d97d09b2cf802&bb=T4SJ6-YvoMyqo_6PivvOuLhTD0qxn3f65Rph8sAWeRJikfFKmMS7KttVPpruP4nn3nEjLv7hMUV2X9xCDLd73GgoAX7jwOPz9KpRROY-ZONU6aDiNJbdCLTcprLEuQmZiEsROkfb2gU_BLAw1uf7AQ%3D%3D&xkcb=SoBe67M3sTPb3GTCTp0DbzkdCdPP&fccid=a9e760020b4e98f7&vjs=3
BI Engineer,CureMD Healthcare,,https://pk.indeed.com/rc/clk?jk=3f864d8adc8dd181&bb=T4SJ6-YvoMyqo_6PivvOuM1JVT1WqVLo3fkPZPU2-xz6k56stJJll0RWaEHgk9jh-JteHOIFyVuFkLZuzu4kWIzky0HGK33qDlX3den-xEEaUeMyytkxRFGjvppHVj55qwNmBCJ1unC6v9eNDXU5Nw%3D%3D&xkcb=SoDq67M3sTPb3GTCTp0CbzkdCdPP&fccid=31d158ce3cec7a12&vjs=3
Senior Full Stack Engineer,FiveRivers Technologies,Typically responds within 1 day,https://pk.indeed.com/rc/clk?jk=7ea5cc725fab208f&bb=T4SJ6-YvoMyqo_6PivvOuGGzxt9ZAmn6w3JHpHAooG6NAj5BaRbnptW4kEccN0SELzyoXs2XiOChc-Nz3ckPe9yEs2cILg1gLzYX7EZGjoQJp2QznImQWy84TTqgNz5sXDcfpjas7of059-Hi6l7SQ%3D%3D&xkcb=SoB367M3sTPb3GTCTp0BbzkdCdPP&fccid=f9d022db1144d466&vjs=3
Network Engineer,ASK Development,Full-time,https://pk.indeed.com/rc/clk?jk=66cd521200809d15&bb=T4SJ6-YvoMyqo_6PivvOuK8QgOEbVgLSih1gWDp6VG60QZjA_-LySSH6hY4oQ-P1VHEaopWwbk1NrG1uS6_uYWoUfL4tEJGSJsoa6WYPxHSftKEZMEFedNjvnsfW4ZOhorjtPUDCwMvA9NXsu0xLxw%3D%3D&xkcb=SoDD67M3sTPb3GTCTp0AbzkdCdPP&fccid=980dbb5ae8c6b482&cmp=ASK-Development&ti=Network+Engineer&vjs=3
Senior QA Engineer (Gaming Industry),Dost Solutions,Full-time,https://pk.indeed.com/rc/clk?jk=e6fb331101624920&bb=T4SJ6-YvoMyqo_6PivvOuOS0ftm0ZED6HBAXCYzfPk0lg_Y_uFI5gHGbxy-n1RSXzV3iXsSYpOoWBZEndtKRrUSDBB6VVvrGcVd7cYLLuEOeHPTItWxrWpq5u7ACTWoUaPDDrObAx6RBC2BjtN0o1g%3D%3D&xkcb=SoBN67M3sTPb3GTCTp0HbzkdCdPP&fccid=cdddf3181f453ea4&cmp=Dost-Solutions&ti=Senior+Quality+Assurance+Engineer&vjs=3
Business Development Manager (IT),ThinkDone Solutions,"From Rs 60,000 a month",https://pk.indeed.com/rc/clk?jk=d133b200181a31a9&bb=T4SJ6-YvoMyqo_6PivvOuA2vx3l4bdTtz_oEErd1Zau1PB-JW9-bVVEoofkc0is_SFeqfOKoyzcymarWeq-i9ihSUNnFpxYkKNjFacH-yKVDXca6DAs_k3xdkjwtwxWmsQjIUidLDZtu1NM8qa58uA%3D%3D&xkcb=SoD567M3sTPb3GTCTp0GbzkdCdPP&fccid=ecfc857a41fd218d&cmp=ThinkDone-Solutions&ti=Business+Development+Manager&vjs=3
Senior Software Engineer - Python,Creative Chaos,Full-time,https://pk.indeed.com/rc/clk?jk=55f080588f5fcdc8&bb=T4SJ6-YvoMyqo_6PivvOuGcR4xqvofNFBOpqyDaf2BQF7_Y9JITPP6Mx3fWtKFMMuJ4v3GTIA2JE_dQB0SWWimxdI-uE6SAoehq9YXxkAIW9DNQCJzFr-45W6tUUYSBkOn9dIY_QjNaOEuahW19c8w%3D%3D&xkcb=SoBk67M3sTPb3GTCTp0FbzkdCdPP&fccid=55f3ff01fe733702&vjs=3
N/A, Company name is not given,"Up to Rs 200,000 a month",Link not available
N/A, Company name is not given,,Link not available
N/A, Company name is not given,Typically responds within 1 day,Link not available
N/A, Company name is not given,Full-time,Link not available
Software Quality Assurance Engineer – Full Automation,Genx Integrated Systems,Full-time,https://pk.indeed.com/rc/clk?jk=b3e0f442edfa26e2&bb=ZyXsc9ZLy7utwhl2Fu0nbW5peDz7l3usYHwVnAoQqsG42S4APBe6QGkNn6goOCcRTrcYgoZMGuvyx71_byxN_ryLfzZs8VRC9LOdbgCAuzItLJOeZ295LCyIyzBozw_hEYGeEwTNeopw6SInwS2yoA%3D%3D&xkcb=SoCq67M3sTPXyVzBMR0LbzkdCdPP&fccid=59d6ff032347e37c&cmp=Medisure-Solutions&ti=Software+Quality+Assurance+Engineer&vjs=3
Lead QA Engineer-Automation,7 Kings Code LLC,Full-time,https://pk.indeed.com/rc/clk?jk=6d07e4196667fc79&bb=ZyXsc9ZLy7utwhl2Fu0nbWaoaIRE5kthftm-RcohV4JZEC8QBYeO6w0PJfBFrD-Np_3IW58vBiBktnTYVHpQPgauZTPnr5CUZ-_ekpaMKiFNW7adCPlDdulTm1gYvK1MNtK-nhMaA1AN4EhG5rVm-g%3D%3D&xkcb=SoAe67M3sTPXyVzBMR0KbzkdCdPP&fccid=03a39715e5941d4d&cmp=The-Garden-of-Eve&ti=Quality+Assurance+Engineer&vjs=3
QA Automation Engineer III,TCP Software,Full-time,https://pk.indeed.com/rc/clk?jk=24ed6a58a8bf3a4c&bb=ZyXsc9ZLy7utwhl2Fu0nbYEzH6cx6Bzy-2k8ZlAyebBOWquxpnmHV9ofmZwpbkUAdXsb2-Fp9M0F87WkhzStXv6RiqjH6qHfAkR_P-cYM1M7FtCs1qTZYLBD-5-9bsnimMtTR9STX-fX74xFlekryQ%3D%3D&xkcb=SoCD67M3sTPXyVzBMR0JbzkdCdPP&fccid=82e95b0a62c053cd&vjs=3
Laravel Developer (3+ Years Experience),Vortexian Tech (SMC-Pvt) Ltd,"Rs 100,000 - Rs 120,000 a month",https://pk.indeed.com/rc/clk?jk=f776bed98e8aca70&bb=ZyXsc9ZLy7utwhl2Fu0nbbR9UjKiBPoB7PT1CGVMrHIcJMx6hHhBygQmPW2EFGwvo9ZpIeL7Gw9cZU0h_5MkHgKiONPpk3EThAF6iiPQjNFzHA_TW5vZNidtYEACbE_QmwTKlRXVP1cSuSss3rlDzQ%3D%3D&xkcb=SoA367M3sTPXyVzBMR0IbzkdCdPP&fccid=fab5792ce92f61bd&cmp=Vortexian-Tech-%28SMC--Pvt%29-Ltd&ti=Developer&vjs=3
Senior Estimation Quality Engineer (US Construction),Mindwhiz,"Up to Rs 350,000 a month",https://pk.indeed.com/rc/clk?jk=aa244a271271b5e6&bb=ZyXsc9ZLy7utwhl2Fu0nbSXuE3x_BXwDWZh0RvWaOonGGIz6i94EZ5nHH4upi89SO0spaz81thVP6gwPtVZPNduiVQJsyDfT7N-RGkUR7UveNBxyGZir-7hxsHx6bAWcXrQ5vzNYmJHdIkY3NrANuw%3D%3D&xkcb=SoC567M3sTPXyVzBMR0PbzkdCdPP&fccid=666369322b0dab31&cmp=Mindwhiz&ti=Senior+Quality+Engineer&vjs=3
Software Engineer,Encyphers,Full-time,https://pk.indeed.com/rc/clk?jk=a291436c2833b588&bb=ZyXsc9ZLy7utwhl2Fu0nbWhTj-wBucpcuIjlySynXC-9Lz7NGtVsv1zpvO4fc_VgtHPLmsAokTD2t_1k-mCl99_6NB5l7tkRJKmqfqLd7OtRg8f5ded6_rf--3lVh-7sCMx3R9R9_eF7rKq6CR8MMQ%3D%3D&xkcb=SoAN67M3sTPXyVzBMR0ObzkdCdPP&fccid=64f305b2088270ca&cmp=Encyphers&ti=Software+Engineer&vjs=3
Full Stack Engineer II,Outliant,Full-time,https://pk.indeed.com/rc/clk?jk=1c66ee260c100f4d&bb=ZyXsc9ZLy7utwhl2Fu0nbYEzH6cx6Bzyh-nfZL3b_cgm5MEYSn6sXRoXMsN-bj1_pT4baToea2i9WkSQkV7_HozWlJfTOgoVMWFJZwkoiT_Xqqfh5t8MHuIj3HDjzzLT3Q_inKQwpuM2WUNR7cGn7A%3D%3D&xkcb=SoCQ67M3sTPXyVzBMR0NbzkdCdPP&fccid=e75161db19947d0c&vjs=3
Associate Sr QA Engineer- Automation,SEER SOLUTIONS DMCC,Full-time,https://pk.indeed.com/rc/clk?jk=526835ec74726267&bb=ZyXsc9ZLy7utwhl2Fu0nbbReAa9hPrbXpWWjwqv_q6lrlqwCG3cAHltFxpFhjUQIAO6LnMJw6gGRtO7EEuE5f_qxirk2tWg44eZ_yvJXjb8dr18IGtA7SrfRlYRweNw9Vn4ydC-PSVHYiXa31QEEBA%3D%3D&xkcb=SoAk67M3sTPXyVzBMR0MbzkdCdPP&fccid=a607870effb66b59&cmp=Tayseer-G-T&ti=Senior+Quality+Assurance+Engineer&vjs=3
Backend Engineer (Go),Regbits Private Limited,Full-time,https://pk.indeed.com/rc/clk?jk=568a172e5cd0fc53&bb=ZyXsc9ZLy7utwhl2Fu0nbajDkahx4CREm9DdCIYx7kX2NQp8CwTmuaBuulRxe3TEXWIx4McaplhmgzDJXAiLEMgv0lcz3eY6MMg8HE7dFHILuECwhrcTuls_5ntjojrKOuOuAMjQsjV_k6-DUQHCug%3D%3D&xkcb=SoDN67M3sTPXyVzBMR0DbzkdCdPP&fccid=3cb5cf2263971070&cmp=Regbits-Private-Limited&ti=Back+End+Developer&vjs=3
Full Stack Developer,Contour Software,Full-time,https://pk.indeed.com/rc/clk?jk=bcb1e5619e52d057&bb=ZyXsc9ZLy7utwhl2Fu0nbUMGFDHzMYcV_YFdaAb0vvE8U36jyiuMPqN-VD3Jb2DwgDWDEBimpIcps4gcz8p47B7gXFpshHUvG2cj7Fd64EfWhAp_lQ1UOqztD7Vfhk47Ff8NMU6RHTaRcSaDqA3sfg%3D%3D&xkcb=SoB567M3sTPXyVzBMR0CbzkdCdPP&fccid=a1cf3602cc601f16&vjs=3
Embedded Software Engineer,EpazzTech,Full-time,https://pk.indeed.com/rc/clk?jk=a196bb0628c10b09&bb=ZyXsc9ZLy7utwhl2Fu0nbQUEtGwVwtPs_bhVf9RGeMe2LhLAK1_Z9QQiY3evAxTP4s_RrzuP6VFWvl2geI2FKPS5H4PQ4gB6HDDZwkdOI4iukUjlEERqqdGAle5lNokgD6KakhUMUXfwmrmJJ9hZEQ%3D%3D&xkcb=SoDk67M3sTPXyVzBMR0BbzkdCdPP&fccid=baac9386b51df741&cmp=Epazz-Inc&ti=Software+Engineer&vjs=3
Data Research Intern,PakWheels,Full-time,https://pk.indeed.com/rc/clk?jk=b0a27ab0cc6e1826&bb=ZyXsc9ZLy7utwhl2Fu0nbZ5KMjeCwc1bwZE5JqEQ1q8IphvZzh_NvtpKvgmfvkwzWeVzrGdk59SLnxyFF20pUsJ7LZ3coXsVPjWllbysFeVv5b6_ao3klS_VRT51Q_9KuuuRVlYclCmaaEVXk10p-A%3D%3D&xkcb=SoBQ67M3sTPXyVzBMR0AbzkdCdPP&fccid=04963aa30de3a50e&vjs=3
Principal Software Engineer,FitMatch Consulting Group,Full-time,https://pk.indeed.com/rc/clk?jk=19256aa69e0b324d&bb=ZyXsc9ZLy7utwhl2Fu0nbaxLjR_AOcAt20nq2Fh0nH__nucgbKoaDFQJNlnuHXvPgceM7huB7gqUgXuXDSZBGRgJ4Qt5F3G8M7iYtdpyRyMFdJy9BTY7QUGAtOP0GRSTAQd1znNYoIjkDOLxXK1YBw%3D%3D&xkcb=SoDe67M3sTPXyVzBMR0HbzkdCdPP&fccid=30f02a6a4d4968a7&cmp=FitMatch-Consulting-Group&ti=Principal+Software+Engineer&vjs=3
Technical Support Engineer - L2,Algo,"Rs 200,000 - Rs 300,000 a month",https://pk.indeed.com/rc/clk?jk=2e0545986d7af8f0&bb=ZyXsc9ZLy7utwhl2Fu0nbZI7ZI-TEBf2jQJwJlQjUyFek9RxrN1Rwu_CSHPoWyz5lGqMES3ns9yHWkLZnLWl4NAt5G8N533apoedhg3lsgGlKj3rGpGFHWlgU2lGqMRZo7xYJP5iKgx3b3gp0KC-jw%3D%3D&xkcb=SoBq67M3sTPXyVzBMR0GbzkdCdPP&fccid=0bafe05dff4e9011&vjs=3
Project Control Engineer (Construction),Delta Gulf LLC,Salary is not given,https://pk.indeed.com/rc/clk?jk=5b3f8052d2dc1854&bb=ZyXsc9ZLy7utwhl2Fu0nbbR9UjKiBPoBDyQtAH6SUZkZjDtd8DNd8yKeRS7QDrOPJkPe2zKQ0w-91LEWmvctVZ0wvkkxNLamLxXrxml5RVoN0aT3eRzDWtAvDGcAWV8YGAXfjHLXLJcqS7RIDI5IDw%3D%3D&xkcb=SoD367M3sTPXyVzBMR0FbzkdCdPP&fccid=d4766eac9bf17ec6&cmp=Delta-Gulf&ti=Controls+Engineer&vjs=3
