Product Details,Prices,Sales,Reviews
Men’s Winter Combo Set Of Half Jacket And Hoodie(Set Of 2) - Fashion | Jackets For Men | Men's Wear | Hoodies |,"Rs. 1,519",583 sold,(122)
NEW Winter Polar Fleece Warm Jacket For Men - Winter Jacket For Men | Men's Winter Dresses | Polar Fleece Jackets,Rs. 804,35 sold,(5)
Men’s Winter Heavy Fur Jacket With Front Bottom And Pockets - Fashion | Jackets For Men | Men's Wear |,"Rs. 1,139",1.1K sold,(279)
3 Layer Windproof Holofill Half Sleeves Winter Jacket For Men - Multicolor | Fashion | Jacket For Men,Rs. 766,3.4K sold,(794)
Winter Sleeveless Half Jacket For Men With 300 Gsm Holofill Material,Rs. 783,364 sold,(78)
ter Comfortable And Fashionable Cotton Fur Hooded design Coat,"Rs. 1,889",48 sold,(4)
Winter Polar Fleece Warm Jacket For Men - Winter Jacket For Men | Men's Winter Dresses | Polar Fleece Jackets |,Rs. 949,1.4K sold,(299)
Shopmee Men's Winter Warm Stylish Puffer Jacket With Fur|BPF,"Rs. 1,399",345 sold,(33)
Pre Winter Warm Windproof Half Sleeves Jacket For Men - Multicolor| Multisize | Fashion | Jacket For Men,Rs. 645,1.5K sold,(299)
Winter Warm Polar Fleece Contrast Jacket For Men's.,Rs. 586,860 sold,(101)
Moonstar 3 Layer Full Sleeve Hooded Silicon Winter Jacket For Men - Fashion | Multicolor,"Rs. 1,450",4.4K sold,(1133)
Deefuel Men's Winter Warm Stylish Puffer Jacket With Fur|BPF,"Rs. 1,709",47 sold,(5)
Men’s Winter Warm Fleece Polar Jacket,Rs. 712,241 sold,(29)
Double-Layered Heavy Outside Fur Winter Jacket For Men - Multicolor | Fashion | Winter Jacket For Men,"Rs. 1,234",1.4K sold,(291)
Autum Sweatwear Men's Warm Pullover Sweaters Solid Color Half Zipper Coats V-neck Long Sleeve Knitted Sweatshirts Winter Top,"Rs. 1,624",184 sold,(16)
Unisex Heavy Fur Inside Jacket For Winter - Multisize | Fashion | Jackets For Men And Women | Winter Jackets |,"Rs. 1,044",336 sold,(79)
New Winter Warm Polar Fleece Contrast Jacket For Men's.,Rs. 586,131 sold,(13)
Windproof Softshell Stylist Outdoor Hiking Trekking Winter Wind-stopper Jacket For Men,"Rs. 2,250",19 sold,(3)
New Winter Light-Weight Puffer Jacket for Men/ Puffer Jacket/ Inside Silicon/ Comfortable,"Rs. 1,693",20 sold,(5)
Inside Fur Warm Jacket For Winter With Front Bottom And Pocket Design For Men - Multicolor | Fashion | Winter Jacket For Men,"Rs. 1,175",261 sold,(57)
Windproof Softshell Stylist Outdoor Hiking Trekking Winter Wind-stopper Jacket For Men,"Rs. 2,250",83 sold,(17)
Men's Stylist Front Deep Pocket Double Layered Wind/Waterproof Half Zipped Jacket.,"Rs. 1,424",111 sold,(27)
Men’s Winter Heavy Fur Warm Jacket With Soft Sawar Inside,"Rs. 1,599",94 sold,(11)
KILOMETER Hooded Silicon Jacket For Men - KM 8198#,"Rs. 2,233",21 sold,(6)
Inside Fur Warm Winter Jacket For Men - Polarfur Material | Multicolor | Fashion | Winter Jacket For Men,"Rs. 1,175",1.7K sold,(340)
Unisex Puffer Jacket With Silicon Filling Best For Winter,"Rs. 1,900",33 sold,(8)
Inside Fur Winter Jacket for Men - Fashion | Jackets For Men | Men's Wear | Winter Jackets |,"Rs. 1,099",927 sold,(176)
Hoodie & Halfjacket for Men | Winter set of 2pcs | Comfortable,"Rs. 1,699",141 sold,(15)
Hoodie & Halfjacket for Men | Winter set of 2pcs | Comfortable | SHOPEMEE9,"Rs. 1,690",68 sold,(14)
Men‘s winter heavy fur camel color warm jackets,"Rs. 1,450",17 sold,(2)
Moonstar Solid Softshell Jacket For Men (Inner Fur) - Fashion | Men's Wear,"Rs. 1,600",354 sold,(115)
Men’s Winter Sleeveless Holofill Half-Jacket - Fashion | Jackets For Men | Men's Wear | Winter Jackets |,Rs. 759,393 sold,(80)
J.Fisher Corduroy Fur Jacket For Men,"Rs. 1,199",72 sold,(16)
Pre-Winter Half-Sleeve Lightweight Puffer Jacket For Men's.,Rs. 758,37 sold,(5)
Unisex Heavy Fur Inside Jacket For Winter,"Rs. 1,175",10 sold,(1)
New Winter Warm Inside Fur Contrast Casual Jacket For Men,"Rs. 1,599",80 sold,(14)
Doro 3 Ply Jacket With White Fur Jacket For Men - Winter Jacket With Fur Inside For Men | Men'S Winter Jackets |,"Rs. 3,985",151 sold,(52)
Winter Front Zipper Poly Fiber Sleeveless Jacket For Men's.,Rs. 799,246 sold,(73)
Winter Polar Fleece Warm Jacket For Men,Rs. 675,142 sold,(13)
J.Fisher Corduroy Fur Jacket For Men,"Rs. 1,199",86 sold,(13)
Vintage Loose Fit Raxzen Korean Jacket For Men's.,"Rs. 1,959",187 sold,(35)
Winter Turtle Neck Sweater For Men,"Rs. 1,189",159 sold,(28)
Men Wool Half Zip Sweater for Autumn & Winter,"Rs. 1,350",117 sold,(19)
Moonstar Silicon Hooded Jacket For Men Part II - Fashion | Men's Wear,"Rs. 1,450",843 sold,(218)
Men's Winter Warm Stylish Highneck Sweater By Pihu,Rs. 969,133 sold,(21)
Winter Warm Turtleneck Sweater Men Fashion Solid Knitted Men Sweaters Casual Men Double Collar Slim Fit Pullover By Bajrang,"Rs. 1,111",157 sold,(31)
Maroon Plain Woolen V-Neck Sweater For Men | Maroon Solid Woolen Warm Winter Sweater For Men | Sweater For Men,"Rs. 1,250",18 sold,(6)
Men Wool Vest Knit Buttons Down Sleeveless Thick Sweater Cardigan Basic for Autumn Winter,"Rs. 2,205",134 sold,(20)
Winter Sweater Half Turtleneck Solid Color Inside Fur Sweaters for Men,"Rs. 1,915",109 sold,(12)
"Sweater for Men – Grey pashmina blend V Neck, Full Sleeve Design | Formal Winter Sweater for Men | Diamond Knitland","Rs. 1,925",12 sold,(6)
Winter Turtle Striped High Neck Pullover For Men Get 50% Off,"Rs. 2,200",303 sold,(68)
Men's Winter Warm Stylist Half Zipped Sweatshirt .,"Rs. 1,499",18 sold,(1)
Men's Winter Warm Stylish Highneck Sweater By Pihu,Rs. 999,46 sold,(11)
Men’s Plain High Neck Sweater – 100% Pure Sheep Wool | Minimalist Winter Knitwear,"Rs. 2,150",29 sold,(9)
Sweater for Men – Light & Dark Grey Argyle V-Neck Full Sleeve Wool Pullover | Formal & Winter Sweater | Diamond Knitland,"Rs. 2,225",9 sold,(5)
Black Plain Woolen Round Neck Sweater For Men | Black Solid Warm Winter Woolen Sweater For Men | Sweater For Men,"Rs. 1,250",25 sold,(4)
VIRJEANS (VJC851) Stretchable Cotton Jacket For Men-Seafoam Green,"Rs. 1,999",116 sold,(1)
Grey Solid Turtleneck Sweater For Men - Multisize | Fashion | Sweaters For Men | Men's Wear | Winter Sweaters For Men |,"Rs. 1,624",17 sold,(15)
Men’s Full Sleeve Fiber Jacket,Rs. 750,92 sold,(1)
Sweater for Men – Green Woolen Full Sleeve Fair Isle Design | Winter Sweater for Men Formal & Casual,"Rs. 1,750",135 sold,(2)
Winter Inside Warm Fur Water/Windproof Casual Bomber Jacket For Men,"Rs. 1,399",236 sold,(18)
Winter Turtle High Neck Pullover For Men,"Rs. 1,193",9 sold,(18)
AP Wear Regular Fit Ultra Light Winter Padded Jacket for Men,"Rs. 2,000",13 sold,(55)
Multicolor Color Strip Design Woolen Fabric Half Sleeves Sweater For Men | Warm V-Neck Design Sweater For Winter,"Rs. 1,550",5 sold,(1)
Winter Heavy Fur Jacket For Men,"Rs. 1,499",6 sold,(2)
Men's Holofill Half Jacket,Rs. 849,78 sold,(1)
Grey/Blue Color Strip Design Woolen Fabric Half Sleeves Sweater For Men | Warm V-Neck Design Sweater For Winter,"Rs. 1,550",112 sold,(2)
Dark Grey Color Pattern Design Woolen Fabric Half Sleeves Cardigans For Men | Geometrical Printed V-neck Design Warm Winter Half Cardigan,"Rs. 2,550",5 sold,(3)
ERKE Padded Jacket Red For Men 11218411474-201,"Rs. 5,092",119 sold,(7)
Black Solid Turtleneck Sweater For Men - Multisize | Fashion | Sweaters For Men | Men's Wear | Winter Sweaters For Men |,"Rs. 1,624",52 sold,(16)
White Peak Trekking and Hiking Polar Hiking Fleece Hoody Winter Jacket for Men,"Rs. 1,215",32 sold,(2)
Hills And Clouds Premium Jumper Jacket For Men,"Rs. 1,590",96 sold,(13)
Winter Warm Polar Fleece Jacket For Men's .,Rs. 999,92 sold,(17)
Men's Turtleneck Sweater Autumn Winter Men's Rollneck Warm Knitted Sweater Keep Warm Men Jumper By Arushi,Rs. 977,31 sold,(3)
Men’s Winter Warm Stylish Water Proof Thick Silicon Jacket,"Rs. 2,199",35 sold,(27)
Winter Pullover Turtel High Neck For Men,"Rs. 1,050",Sales rate not available,(12)
Green Color Pattern Design Woolen Fabric Half Sleeves Cardigans For Men | Geometrical Printed V-neck Design Warm Winter Half Cardigan,"Rs. 2,550",Sales rate not available,(6)
Hot Fashion Men Sweater Solid Roll Turtle Neck Pullover Knitted Jumper Winter Men Fashion Casual Hi-Neck Tops By Bajrang,"Rs. 1,200",Sales rate not available,(8)
KILOMETER Solid Cotton/Silicon Mix Jacket For Men - KM 8820,"Rs. 2,198",Sales rate not available,Reviews are not available
Men's Turtleneck Sweater Autumn Winter Men's Rollneck Warm Knitted Sweater Keep Warm Men Jumper By Arushi,"Rs. 1,099",Sales rate not available,Reviews are not available
Maroon Plain Half Sleeve V-Neck Sweater For Men | Maroon Solid Half Sleeve Warm Winter Sweater For Men,Rs. 850,16 sold,(7)
"Sweater for Men – Cream Woolen Full Sleeve Cable Knit, Round Neck | Winter Sweater for Men Formal & Casual | Diamond Knitland","Rs. 2,100",15 sold,(1)
KILOMETER Bomber Styled Cotton/Silicon Mix Jacket For Men - KM 79123,"Rs. 2,275",89 sold,(3)
Black Solid Knitted Warm Winter High Neck Sweater For Men | Solid Woolen High Neck Sweater For Men | Sweater For Men,"Rs. 1,199",250 sold,(8)
Set Of 2 Pics Winter Warm Plain Hoodies And Half-Jacket.,"Rs. 1,699",20 sold,(59)
Cream Half Zip Sweater For Men - Multisize | Fashion | Sweaters For Men | Men's Wear | Winter Sweaters For Men |,"Rs. 1,600",75 sold,(2)
Outdoor Super Heavy Winter Fur Jacket for Men,"Rs. 3,075",38 sold,(23)
3 Layer Holofill Winter Warm Half Jacket For Men's.,Rs. 949,1.1K sold,(8)
Moonstar Softshell Wind Saver Winter Jacket For Men With Thick Fur Inside - Fashion | Winter Jacket For Men,"Rs. 1,600",109 sold,(307)
Winter Polar Fleece Jacket for Men,"Rs. 1,050",277 sold,(23)
Pre-Winter Half Sleeve Poly Fiber Jacket For Men's.,Rs. 799,8 sold,(55)
Blue Jeans Fur Jacket For Men/Winter Jeans Jacket For Men,"Rs. 4,000",156 sold,(2)
Mens Bikers Jacket With Inside Fur | Mens Moto Racing Trending Leather Jacket With Inside Fur For Winter,"Rs. 2,950",28 sold,(32)
Men's Winter Inside Fur Warm Winter Jacket - Fashion | Jackets For Men | Men's Wear | Winter Jackets |,"Rs. 1,250",34 sold,(8)
Black Sweater For Men - Multisize | Fashion | Sweaters For Men | Men's Wear | Winter Sweaters For Men |,"Rs. 1,406",9 sold,(3)
High Neck For Men / Winter High Neck BY KTM,"Rs. 1,350",51 sold,(9)
Men's Turtleneck Sweater Autumn Winter Men's Rollneck Warm Knitted Sweater Keep Warm Men Jumper By Arushi,"Rs. 1,099",109 sold,(0)
Cream Turtleneck Sweater For Men - Multisize | Fashion | Sweaters For Men | Men's Wear | Winter Sweaters For Men |,"Rs. 1,406",159 sold,(13)
J.Fisher Corduroy Fur Jacket For Men,"Rs. 1,199",14 sold,(24)
J.Fisher Dual Tone Hooded Fleece Fur Jacket For Men (Fur Inside),Rs. 999,35 sold,(24)
New Winter Warm Inside Fur Contrast Casual Jacket For Men's.,"Rs. 1,499",66 sold,(1)
Winter Warm Fur Polar Stylist Jacket For Men's .(#100),"Rs. 1,299",19 sold,(5)
Grey Solid Sweater For Men - Multisize | Fashion | Sweaters For Men | Men's Wear | Winter Sweaters For Men |,"Rs. 1,406",58 sold,(12)
Winter Warm Polar Fleece Contrast Windcheater Jacket For Men's.,Rs. 598,258 sold,(6)
Sweater for Men – Grey Woolen V-Neck Full Sleeve with Argyle Check Design | Classic Winter Wear,"Rs. 1,200",253 sold,(12)
Hallow Fiber Half Sleeve Jacket For Men,Rs. 675,48 sold,(36)
"Set Of Jacket, Trousers And Sweatshirt For Men","Rs. 2,999",8 sold,(24)
Creative Touch Black Front Zippered Polar Fleece Jacket for Men MJK1076,"Rs. 1,180",109 sold,(9)
Winter Warm 3 Layer Holofill Half Jacket For Men's.,Rs. 799,70 sold,(4)
Men's Turtleneck Sweater Autumn Winter Men's Rollneck Warm Knitted Sweater Keep Warm Men Jumper By Arushi,"Rs. 1,099",121 sold,(1)
Double-Layered Heavy Outside Fur Winter Jacket For Men - Multicolor | Fashion | Winter Jacket For Men,"Rs. 1,149",6 sold,(1)
Men’s Winter Warm Multicolour Polar Jacket With Front Zipper And Pocket Zipper,Rs. 750,15 sold,(22)
J.Fisher Dual Tone Fleece Fur Jacket For Men (Fur Inside),"Rs. 1,299",19 sold,(8)
Set Of 3 Pieces Winter Wear - Warm Stylist Combo Set Half Jacket Cotton Hoodie And Joggers For Men - Fashion | Winter Wear For Men,"Rs. 2,699",32 sold,(24)
Ramro Chha Stylist Upper Outer Jacket For Men's. - Fashion | Jackets For Men | Men's Wear | Jackets |,"Rs. 1,299",18 sold,(2)
"Sweater for Men – Grey Woolen Full Sleeve, Round Neck | Winter Sweater for Men Formal & Casual","Rs. 1,850",Sales rate not available,(2)
Red Plain Woolen V-Neck Sweater For Men | Red Solid Woolen Warm Winter Sweater For Men | Sweater For Men,"Rs. 1,250",Sales rate not available,(3)
(Set Of 2) Winter Plain Cotton Fleece Hoodies And Holofill Half-Jacket For Men,"Rs. 1,599",Sales rate not available,(1)
Men’s Winter Warm Fleece Polar Jacket,Rs. 735,Sales rate not available,(4)
"Men's Premium Fiber Quilted Jacket – Stylish, Warm & Lightweight","Rs. 1,799",Sales rate not available,Reviews are not available
Fall Mens Christmas Cashmere Sweater Autumn Winter O Neck Men Pullover Tops Quality Male Pullover Sweaters Thick Warm Pull Homme,"Rs. 8,486",5 sold,(1)
Lightweight Running Jacket for Men & Women – Water-Resistant Sports Jacket by Himalayan Outfits,"Rs. 1,450",36 sold,(1)
Grey Woolen Sweater for Men – Round Neck Full Sleeve Winter Pullover | Warm & Stylish Casual Knitwear | Diamond Knitland,"Rs. 1,225",121 sold,(2)
Velvet Winter Pullover Turtel Hight Neck For Men,"Rs. 1,050",10 sold,(6)
Casual Long Sleeve Winter Warm Puffer Jacket For Men.,Rs. 999,34 sold,(19)
Fleece Melange Criss Cross Jacket for Men,"Rs. 1,800",8 sold,(1)
Nyptra Khaki Grey Premium Cotton Twill Summer Bomber Jacket For Men - Fashion | Jackets For Men | Men's Wear |,"Rs. 1,349",26 sold,(1)
Snow Yak Maroon Red Color Full Sleeve Inner Fur Wind Proof Polar Fleece Jacket For Men,"Rs. 4,000",5 sold,(3)
Winter Heavy Fur Jacket For Men - Colors Available | Fashion Winter Wear Soft Front Pocket Jacket For Men,"Rs. 1,499",5 sold,(2)
Nyptra Blue Grey Solid Inner Fleece Premium Box Jacket For Men - Fashion | Winter Jackets | Jackets For Men | Men's Wear |,"Rs. 1,684",25 sold,(6)
Men's Winter Inside Heavy Fur Jacket/ Inside FUR Winter Warm Jacket,"Rs. 1,499",10 sold,(2)
Nyptra Black Solid Inner Fleece Premium Box Jacket For Men - Fashion | Winter Jackets | Jackets For Men | Men's Wear |,"Rs. 1,709",47 sold,(1)
Men's Winter Inside Warm Fur Water/WindProof Casual Bomber Jacket.,"Rs. 1,399",57 sold,(2)
New Winter Warm Duck Fur Stylish Jacket For Men's.,"Rs. 1,499",9 sold,(2)
Men Half Jacket Designed For Winter,"Rs. 1,100",17 sold,(1)
"Sweater for Men – Woolen Jacquard Design, Round Neck, Full Sleeve | Winter Sweater in Pure Sheep Wool","Rs. 1,875",40 sold,(9)
Sweater for Men – Black and White Herringbone Pattern Crew Neck Full Sleeve | Stylish Winter Wool Pullover,"Rs. 1,825",9 sold,(1)
LOGO Men's Puffer Jacket,"Rs. 3,100",5 sold,(5)
Black Sweater For Men - Multisize | Fashion | Sweaters For Men | Men's Wear | Winter Sweaters For Men |,"Rs. 1,406",14 sold,(1)
Black Front Pocket Warm Woolen Jacket For Men Winter-Wear Fur Inside - Fashion | Jackets For Men | Men's Wear | Jackets |,"Rs. 3,299",Sales rate not available,(1)
Winter Autumn New Solid Colors Pull Homme Turtleneck Sweater Dress High Elasticity Slim Pullover Men Knitwear Men Clothing 3Xl By KTM,"Rs. 1,100",Sales rate not available,(1)
Hills And Clouds Premium Jumper Jacket For Men,"Rs. 1,619",Sales rate not available,(2)
Sweater for Men – Dark Black Woolen Full Sleeve Knitted High Neck Winter Pullover | Warm & Stylish,"Rs. 1,825",Sales rate not available,(6)
Hills And Clouds Premium Jumper Jacket For Men,"Rs. 1,799",Sales rate not available,(1)
J.Fisher Dual Tone Hooded Fleece Fur Jacket For Men (Fur Inside ),"Rs. 1,299",Sales rate not available,(7)
3 Layer Windproof Poly Fiber Sleeveless Jacket For Men's.,Rs. 799,Sales rate not available,(3)
Men Checked Blazer Cultivate One's Morality Plaid Blazer Business And Leisure Blazer By Bajrang,"Rs. 6,000",Sales rate not available,(1)
New Winter Warm Inside Fur Contrast Casual Jacket For Men's.,"Rs. 1,199",Sales rate not available,(4)
Men Fashion Clothing Highest Quality Faux PU Leather Jacket Winter Jackets and Coat,"Rs. 3,499",Sales rate not available,(1)
New DG Winter Fur Jacket For Men,"Rs. 2,500",Sales rate not available,(1)
"Grey Woolen High Neck Sweater for Men – Full Sleeve Cable Knit Design, Warm & Comfortable Winter WearGrey Woolen Sweater for Men – Full Sleeve Cable Knit Design, Warm & Stylish Winter Wear","Rs. 1,925",Sales rate not available,(1)
l Instyle Nepal l WT501 Big Winner Printed Graffiti Trench Over Size Jacket For Men 2025,"Rs. 2,250",Sales rate not available,(1)
Men's Winter Heavy Warm Jacket,"Rs. 1,349",Sales rate not available,(1)
Men's Winter Heavy Fur Jacket with Front & Bottom Pockets – Stylish & Warm Winter Fashion | Jackets For Men | Men's Wear |,"Rs. 1,299",Sales rate not available,(1)
Men's Winter Warm Stylish Highneck Sweater By Pihu,"Rs. 1,399",Sales rate not available,(1)
Men's Turtleneck Sweater Autumn Winter Men's Rollneck Warm Knitted Sweater Keep Warm Men Jumper By Arushi,"Rs. 1,100",Sales rate not available,(1)
Jacket - Cotton Amy Khaki,"Rs. 3,500",Sales rate not available,(1)
"Sage Green Woolen High Neck Sweater for Men – Full Sleeve Cable Knit Design, Warm & Stylish Winter Wear","Rs. 1,925",Sales rate not available,Reviews are not available
Sweater for Men – Black Woolen Full Sleeve High Neck Honeycomb Pattern | Warm Winter Pullover,"Rs. 1,950",Sales rate not available,Reviews are not available
Sweater for Men – Brown Woolen High Neck Long Sleeve Honeycomb Pattern | Warm Winter Pullover,"Rs. 2,115",Sales rate not available,Reviews are not available
Men Warm Fiber Windproof Jacket Designed For Winter,"Rs. 1,500",32 sold,(4)
DORO WEARS Premium Quality Soft Shell With Inner Fleece & Detachable Hood Winter Jacket For Men ( Army Green ),"Rs. 3,755",8 sold,(1)
Grey Half Zip Sweater For Men - Multisize | Fashion | Sweaters For Men | Men's Wear | Winter Sweaters For Men |,"Rs. 1,624",524 sold,(1)
Lightweight Padded Winter Jacket For Men,"Rs. 1,800",5 sold,(128)
Men's Turtleneck Sweater Autumn Winter Men's Rollneck Warm Knitted Sweater Keep Warm Men Jumper By Arushi,"Rs. 1,099",17 sold,(1)
Men's Set Of Three Pieces/ Half Sleeve Jacket/ Hoodie/Trouser,"Rs. 2,199",17 sold,(1)
ERKE Down Jacket Red For Men 11218452143-204,"Rs. 5,092",6 sold,(5)
Summer Men's Sun Protection Casual Breathable Sports Windproof Water Resistant Ultrathin Jacket Outdoor Fishing Skin Clothing,"Rs. 2,545",228 sold,(1)
Navigate Silicon Hoodie Men Jacket – FHOR,"Rs. 3,650",10 sold,(47)
Winter Heavy Fur Jacket For Men. - Fashion | Jackets For Men | Men's Wear | Winter Jackets With Heavy Fur |,"Rs. 1,599",5 sold,(2)
Polar Fleece Jacket For Men,"Rs. 3,500",303 sold,(1)
Summer Windbreaker Men's Jackets Sun Protection Coats Ice Silk UV Protection Clothing Couple Hooded Windbreak Jacket Women Coats,"Rs. 4,751",6 sold,(1)
Bossini Mens Jackets 234142001,"Rs. 5,740",252 sold,(1)
Sweater for Men – Argyle V-Neck Full Sleeve Wool Pullover | Formal & Winter Sweater for Men,"Rs. 2,325",31 sold,(1)
Black Wind/Water Proof Jacket For Men - Fashion | Jackets For Men | Men's Wear | Windproof Jackets |,"Rs. 2,880",10 sold,(39)
ROCKBROS Cycling Jacket Cotton Men Jersey Warm Windproof Fleece Long-sleeved Road Bike Sportswear Autumn Winter,"Rs. 18,854",21 sold,(1)
Men's Winter Heavy Fur Outer Jacket.- Fashion | Multisize | Jackets For Men | Men's Wear | Winter Jackets |,"Rs. 1,499",958 sold,(82)
Men's Multi-Pocket Utility Coat – Versatile and Comfortable Outerwear for Everyday Use,"Rs. 2,000",17 sold,(7)
Moonstar 3 Layer Sleeveless Silicon Hooded Jacket For Men - Fashion | Multicolor,"Rs. 1,079",44 sold,(1)
Nyptra Blue Grey Premium Net Inside Bomber Jacket For Men - Fashion | Jackets For Men | Men's Wear | Bomber Jackets |,Rs. 999,24 sold,(1)
"Charcoal Black Wool V-Neck Sweater for Men – Warm, Stylish & Comfortable Winter Wear","Rs. 1,950",6 sold,(9)
Nyptra Army Green Premium Cotton Twill Summer Bomber Jacket For Men - Fashion | Jackets For Men | Men's Wear |,"Rs. 1,349",6 sold,(3)
LOGO Melange Fleece Jacket For Men,"Rs. 2,500",5 sold,(13)
Hip Hop Varsity Jacket Men High Street Patchwork Color Black Windbreaker Coats Women Spring Autumn Thin Fashion College Jackets,"Rs. 4,716",5 sold,(5)
Men’s Winter Heavy Fur Warm Jacket With Soft Sawar Inside,"Rs. 1,549",7 sold,(2)
J.Fisher Hooded Corduroy Jacket For Men,"Rs. 1,199",55 sold,(1)
DORO WEARS Premium Quality Soft Shell With Inner Fleece & Detachable Hood Winter Jacket For Men ( Grey ),"Rs. 3,755",189 sold,(1)
Unisex Heavy Fur Iside Jacket For Winter,"Rs. 1,175",63 sold,(2)
Navigate Silicon Non-Hoodie Men Jacket – FHOR,"Rs. 3,450",Sales rate not available,(2)
Winter Fiber Half Jacket For Men,Rs. 799,Sales rate not available,(1)
Men's Turtleneck Sweater Autumn Winter Men's Rollneck Warm Knitted Sweater Keep Warm Men Jumper By Arushi,Rs. 999,Sales rate not available,(14)
Nyptra Brown Solid Inner Fleece Premium Box Jacket For Men - Fashion | Winter Jackets | Jackets For Men | Men's Wear |,"Rs. 1,684",Sales rate not available,(38)
Navigate Bonded Fur Men Jacket – FXDO,"Rs. 3,850",Sales rate not available,(1)
Winter Jacket For Men,"Rs. 2,999",Sales rate not available,(24)
J.Fisher Dual Tone Fleece Fur Jacket For Men (Fur Inside),Rs. 999,Sales rate not available,Reviews are not available
Creative Touch Dark Green Front Zippered Polar Fleece Jacket For Men MJK1076,"Rs. 1,180",Sales rate not available,Reviews are not available
Bajrang Biker PU Leather Winter Jacket For Men,"Rs. 10,000",Sales rate not available,Reviews are not available
Doro Alfa Softshell Jacket For Men - Men's Winter Inside Fur Jacket | Men's Winter Wear | Winter Dresses |,"Rs. 2,975",Sales rate not available,Reviews are not available
Brown Color Strip Design Woolen Fabric Half Sleeves Sweater For Men | Warm V-Neck Design Sweater For Winter,"Rs. 1,550",Sales rate not available,Reviews are not available
"Sweater for Men – Maroon Woolen Full Sleeve, Round Neck | Winter Sweater for Men Formal & Casual","Rs. 1,850",Sales rate not available,Reviews are not available
